0.016714111,0.000312906,0.00011133,3.39E-05,1.94E-05,3.15E-05,7.27E-05,1.84E-05,2.96E-05,3.22E-05,3.07E-05,1.90E-05,2.33E-05,5.99E-05,1.40E-05,3.93E-05,4.94E-05,1.05E-05,1.35E-05,1.97E-05
2.74E-05,6.70E-05,3.26E-05,2.47E-05,2.30E-05,2.88E-05,1.69E-05,7.60E-06,5.63E-05,1.78E-05,1.08E-05,1.96E-05,5.07E-05,2.94E-05,3.71E-05,3.96E-05,7.80E-05,2.46E-05,4.44E-05,4.34E-05
4.27E-05,4.16E-05,6.29E-05,5.39E-05,1.50E-05,9.33E-06,4.89E-05,2.67E-05,4.36E-05,4.14E-05,1.87E-05,4.47E-05,1.69E-05,2.57E-05,1.76E-05,1.35E-05,1.32E-05,3.14E-05,3.09E-05,2.65E-05
2.04E-05,4.24E-05,7.75E-05,6.60E-05,3.67E-05,1.78E-05,6.72E-05,6.87E-05,3.07E-05,5.01E-05,1.17E-05,4.78E-05,2.97E-05,6.02E-05,4.15E-05,6.55E-05,3.66E-05,2.76E-05,6.93E-05,2.94E-05
3.04E-05,3.39E-05,4.41E-05,1.21E-05,4.03E-05,2.50E-05,3.14E-05,4.80E-05,3.77E-05,2.47E-05,5.99E-05,4.94E-05,6.08E-06,5.27E-05,5.07E-05,3.70E-05,2.25E-05,5.68E-06,6.18E-05,3.32E-05
2.41E-05,1.30E-06,2.81E-05,5.14E-05,1.39E-05,6.23E-05,1.26E-05,2.75E-05,2.46E-05,2.71E-05,2.36E-05,2.41E-05,2.61E-05,1.06E-05,7.50E-05,3.98E-05,3.95E-05,2.16E-05,1.06E-05,5.03E-05
2.04E-05,4.24E-05,7.75E-05,6.60E-05,3.67E-05,1.78E-05,6.72E-05,6.87E-05,3.07E-05,5.01E-05,1.17E-05,4.78E-05,2.97E-05,6.02E-05,4.15E-05,6.55E-05,3.66E-05,2.76E-05,6.93E-05,2.94E-05
7.76E-05,5.17E-05,3.87E-05,4.57E-06,2.16E-05,2.30E-05,2.47E-05,5.00E-05,4.87E-05,5.29E-05,5.52E-05,4.70E-05,3.87E-05,4.42E-05,9.66E-06,7.73E-05,5.30E-05,2.27E-05,8.70E-05,3.93E-05
3.04E-05,3.39E-05,4.41E-05,1.21E-05,4.03E-05,2.50E-05,3.14E-05,4.80E-05,3.77E-05,2.47E-05,5.99E-05,4.94E-05,6.08E-06,5.27E-05,5.07E-05,3.70E-05,2.25E-05,5.68E-06,6.18E-05,3.32E-05
3.62E-06,5.41E-05,7.80E-05,2.49E-05,3.44E-05,1.66E-05,4.17E-05,1.64E-05,3.40E-05,2.92E-05,4.87E-05,2.41E-05,1.65E-05,2.99E-05,3.73E-05,5.09E-05,1.36E-05,4.22E-05,7.04E-06,5.36E-05
2.31E-05,1.73E-05,3.94E-05,3.07E-05,1.32E-05,5.46E-05,3.89E-05,3.78E-05,1.90E-05,1.31E-06,1.77E-05,1.26E-05,1.27E-05,4.35E-05,2.81E-05,3.52E-05,4.42E-05,1.24E-05,2.91E-05,1.65E-05
3.07E-05,1.18E-05,3.11E-05,1.19E-05,1.41E-05,2.99E-05,2.40E-05,1.95E-05,3.40E-05,1.54E-05,3.69E-05,1.75E-05,4.60E-05,5.80E-05,4.66E-05,3.39E-05,3.59E-05,1.03E-05,3.65E-05,5.32E-05
3.97E-05,8.57E-05,3.21E-05,1.40E-05,1.61E-05,6.48E-05,2.15E-05,4.67E-05,2.80E-05,2.86E-05,4.15E-05,5.23E-05,4.82E-05,2.95E-05,7.42E-05,2.17E-05,1.19E-05,4.57E-05,1.47E-05,4.00E-05
1.30E-05,3.91E-05,3.74E-05,2.80E-05,2.79E-05,5.03E-05,3.13E-05,2.38E-05,5.04E-05,7.06E-05,4.36E-05,1.95E-05,5.02E-05,5.32E-05,2.27E-05,7.29E-06,2.67E-05,2.80E-05,3.08E-05,2.29E-05
2.29E-05,2.20E-05,1.71E-05,3.33E-05,9.91E-06,4.63E-05,2.90E-05,2.33E-05,3.88E-05,3.54E-05,1.45E-05,3.91E-05,3.29E-05,5.97E-05,6.47E-05,2.61E-05,5.43E-05,3.95E-05,3.26E-05,2.25E-05
2.93E-05,2.81E-05,1.68E-05,2.29E-05,4.63E-06,4.57E-05,7.23E-05,4.42E-05,4.42E-05,4.99E-06,2.58E-05,6.21E-05,2.20E-05,2.47E-05,5.18E-05,5.37E-05,5.64E-05,3.05E-05,3.79E-05,4.55E-05
7.73E-05,4.95E-05,3.46E-05,2.56E-05,3.47E-05,0.000100096,2.26E-05,1.72E-05,4.54E-05,2.22E-05,4.09E-05,2.89E-05,2.23E-05,2.87E-05,1.03E-05,2.25E-05,3.59E-05,3.97E-05,5.22E-06,1.54E-05
5.08E-05,2.84E-05,3.42E-05,4.47E-05,4.98E-06,4.91E-05,4.28E-05,1.55E-05,2.21E-05,4.05E-05,1.17E-05,3.55E-05,3.38E-05,5.06E-05,3.29E-05,1.99E-05,5.37E-05,2.28E-05,4.49E-05,3.34E-05
3.45E-05,2.79E-05,3.69E-05,2.07E-05,5.64E-05,1.76E-05,4.29E-05,4.18E-05,4.01E-05,2.23E-05,5.23E-05,3.27E-05,9.54E-06,5.29E-05,1.70E-05,5.62E-05,3.32E-05,5.07E-06,1.22E-05,2.36E-05
3.63E-05,4.81E-06,6.41E-05,7.83E-05,8.98E-05,5.53E-05,1.27E-05,7.89E-05,6.76E-05,2.70E-05,5.03E-05,1.24E-05,4.48E-05,7.58E-05,5.62E-05,3.07E-05,5.32E-05,1.34E-05,3.64E-05,5.87E-05
5.08E-05,2.84E-05,3.42E-05,4.47E-05,4.98E-06,4.91E-05,4.28E-05,1.55E-05,2.21E-05,4.05E-05,1.17E-05,3.55E-05,3.38E-05,5.06E-05,3.29E-05,1.99E-05,5.37E-05,2.28E-05,4.49E-05,3.34E-05
3.06E-05,2.81E-05,3.62E-05,2.22E-05,1.94E-05,3.28E-05,2.14E-05,2.85E-05,6.93E-05,2.21E-05,6.27E-05,2.58E-05,1.77E-05,3.67E-05,6.55E-05,7.59E-06,3.00E-05,1.14E-05,4.48E-05,5.30E-05
2.19E-05,9.91E-06,4.18E-05,6.02E-05,1.82E-05,1.40E-05,3.28E-05,5.20E-05,2.04E-05,2.40E-05,4.75E-05,1.22E-05,2.53E-05,1.84E-05,3.85E-05,4.03E-05,1.33E-05,1.33E-05,7.17E-05,5.04E-05
4.41E-05,1.23E-05,2.26E-06,1.11E-05,2.38E-06,2.34E-05,3.46E-05,1.60E-05,2.34E-05,2.21E-05,6.53E-05,6.02E-05,2.42E-05,5.98E-05,4.69E-05,6.02E-05,4.24E-05,1.66E-05,2.53E-05,1.05E-05
5.73E-05,8.68E-05,7.85E-05,8.24E-05,3.64E-05,3.08E-05,5.55E-05,1.31E-05,4.08E-05,4.37E-05,1.74E-05,2.50E-05,3.62E-05,3.22E-05,2.16E-05,1.84E-05,5.85E-06,3.09E-05,8.43E-05,3.70E-05
2.19E-05,9.91E-06,4.18E-05,6.02E-05,1.82E-05,1.40E-05,3.28E-05,5.20E-05,2.04E-05,2.40E-05,4.75E-05,1.22E-05,2.53E-05,1.84E-05,3.85E-05,4.03E-05,1.33E-05,1.33E-05,7.17E-05,5.04E-05
5.33E-05,1.75E-05,3.77E-05,2.20E-05,3.41E-07,4.73E-05,3.62E-05,8.22E-05,2.97E-05,3.56E-05,4.91E-05,2.48E-05,1.15E-05,2.55E-05,3.50E-05,2.17E-05,3.03E-05,1.14E-05,4.20E-05,3.08E-05
4.41E-05,1.23E-05,2.26E-06,1.11E-05,2.38E-06,2.34E-05,3.46E-05,1.60E-05,2.34E-05,2.21E-05,6.53E-05,6.02E-05,2.42E-05,5.98E-05,4.69E-05,6.02E-05,4.24E-05,1.66E-05,2.53E-05,1.05E-05
4.24E-05,4.55E-05,6.42E-05,2.52E-05,3.18E-05,7.12E-06,3.40E-05,2.09E-05,1.31E-05,2.05E-06,2.20E-05,4.10E-05,1.69E-05,1.34E-05,1.72E-05,1.57E-05,1.11E-05,1.09E-05,3.88E-05,6.32E-05
5.73E-05,8.68E-05,7.85E-05,8.24E-05,3.64E-05,3.08E-05,5.55E-05,1.31E-05,4.08E-05,4.37E-05,1.74E-05,2.50E-05,3.62E-05,3.22E-05,2.16E-05,1.84E-05,5.85E-06,3.09E-05,8.43E-05,3.70E-05
1.80E-05,2.81E-05,4.52E-05,2.46E-05,6.05E-05,1.21E-05,3.01E-05,6.08E-05,5.44E-05,2.20E-05,5.39E-05,4.22E-05,3.19E-05,1.51E-05,4.34E-05,5.41E-05,1.10E-05,6.84E-06,4.88E-05,1.58E-05
1.86E-05,3.01E-05,2.24E-05,5.23E-05,6.30E-05,6.76E-05,5.30E-05,1.03E-05,7.76E-05,5.27E-05,9.17E-06,1.53E-05,3.01E-05,1.77E-05,6.19E-05,1.53E-05,6.49E-05,2.75E-05,4.27E-05,2.78E-05
4.24E-05,4.55E-05,6.42E-05,2.52E-05,3.18E-05,7.12E-06,3.40E-05,2.09E-05,1.31E-05,2.05E-06,2.20E-05,4.10E-05,1.69E-05,1.34E-05,1.72E-05,1.57E-05,1.11E-05,1.09E-05,3.88E-05,6.32E-05
1.37E-05,3.34E-05,5.49E-05,2.73E-05,4.21E-05,5.34E-05,6.59E-05,3.40E-05,3.24E-05,1.92E-05,3.10E-05,6.10E-05,7.82E-05,3.72E-05,2.02E-05,4.51E-05,2.50E-05,3.12E-05,4.94E-05,4.39E-05
1.86E-05,3.01E-05,2.24E-05,5.23E-05,6.30E-05,6.76E-05,5.30E-05,1.03E-05,7.76E-05,5.27E-05,9.17E-06,1.53E-05,3.01E-05,1.77E-05,6.19E-05,1.53E-05,6.49E-05,2.75E-05,4.27E-05,2.78E-05
4.96E-05,3.63E-05,5.80E-05,4.93E-05,3.19E-05,4.05E-05,2.43E-05,3.96E-05,3.95E-05,2.38E-05,2.81E-05,6.97E-06,1.27E-05,3.57E-05,3.70E-05,3.10E-05,4.69E-05,4.26E-05,4.12E-05,3.98E-05
1.80E-05,2.81E-05,4.52E-05,2.46E-05,6.05E-05,1.21E-05,3.01E-05,6.08E-05,5.44E-05,2.20E-05,5.39E-05,4.22E-05,3.19E-05,1.51E-05,4.34E-05,5.41E-05,1.10E-05,6.84E-06,4.88E-05,1.58E-05
3.70E-05,6.83E-05,1.85E-05,1.91E-05,5.40E-05,4.90E-05,6.44E-05,4.96E-05,1.10E-05,3.71E-05,1.88E-05,1.09E-05,2.74E-05,2.33E-05,7.87E-05,5.54E-05,2.00E-05,3.84E-05,9.26E-06,3.54E-05
1.37E-05,3.34E-05,5.49E-05,2.73E-05,4.21E-05,5.34E-05,6.59E-05,3.40E-05,3.24E-05,1.92E-05,3.10E-05,6.10E-05,7.82E-05,3.72E-05,2.02E-05,4.51E-05,2.50E-05,3.12E-05,4.94E-05,4.39E-05
2.45E-05,4.35E-05,3.31E-05,3.26E-05,3.48E-05,9.62E-05,1.06E-05,9.94E-05,1.42E-05,1.96E-05,5.89E-05,2.46E-05,1.15E-05,2.23E-05,1.52E-05,2.80E-05,5.07E-05,1.42E-05,6.79E-05,1.64E-05
2.35E-05,2.10E-05,2.43E-05,6.16E-05,6.17E-06,3.82E-05,3.00E-05,3.25E-05,1.73E-05,5.69E-06,2.50E-05,3.26E-05,4.74E-05,3.11E-05,2.73E-05,7.49E-06,1.64E-05,5.22E-05,4.93E-05,2.10E-05
8.91E-06,5.94E-05,4.33E-05,5.36E-06,2.39E-05,3.27E-05,3.91E-05,3.10E-05,5.27E-05,4.00E-05,1.24E-05,2.38E-05,2.16E-05,2.91E-05,2.64E-05,4.78E-05,5.58E-05,5.49E-05,8.29E-05,6.23E-05
1.55E-05,2.92E-05,3.56E-05,3.86E-05,3.51E-05,2.84E-05,1.37E-05,6.82E-05,2.38E-05,3.10E-05,2.27E-05,5.59E-05,2.61E-05,5.91E-05,4.56E-05,4.37E-05,2.91E-05,2.84E-05,2.44E-05,3.80E-05
2.30E-05,2.90E-05,2.12E-05,2.60E-05,2.03E-05,2.51E-05,5.03E-06,8.16E-05,1.91E-05,1.25E-05,1.84E-05,8.41E-06,3.81E-05,2.21E-05,3.56E-05,6.83E-05,1.17E-05,5.53E-05,5.34E-05,4.25E-05
5.28E-05,2.87E-05,5.66E-05,3.76E-05,2.90E-05,4.55E-05,2.51E-05,2.06E-05,3.66E-05,6.75E-05,4.47E-05,1.68E-06,1.20E-05,2.59E-05,3.66E-05,3.12E-05,3.00E-05,4.79E-05,3.11E-05,5.58E-05
4.71E-05,3.41E-05,2.03E-05,6.93E-05,5.54E-05,7.18E-05,3.37E-05,4.03E-05,4.48E-05,3.81E-05,5.95E-05,1.61E-05,7.05E-05,4.03E-05,1.11E-05,8.31E-05,0.000101197,1.61E-05,0.000120011,2.04E-05
3.65E-05,2.62E-05,1.61E-05,8.00E-05,1.58E-05,2.50E-05,6.22E-05,2.37E-05,2.30E-05,2.09E-06,8.16E-05,3.06E-05,3.76E-05,4.20E-05,6.83E-05,2.71E-05,2.72E-05,3.81E-05,5.92E-05,3.42E-05
3.65E-05,2.62E-05,1.61E-05,8.00E-05,1.58E-05,2.50E-05,6.22E-05,2.37E-05,2.30E-05,2.09E-06,8.16E-05,3.06E-05,3.76E-05,4.20E-05,6.83E-05,2.71E-05,2.72E-05,3.81E-05,5.92E-05,3.42E-05
8.84E-05,3.60E-05,2.76E-05,4.52E-05,3.05E-05,3.73E-05,3.55E-05,2.10E-05,3.65E-05,5.19E-05,1.98E-05,3.28E-05,6.40E-05,4.56E-05,3.34E-05,3.44E-05,6.99E-05,2.37E-05,6.14E-05,2.29E-05
2.70E-05,6.79E-05,2.25E-05,3.79E-05,3.31E-05,3.08E-05,3.74E-05,3.33E-05,2.04E-05,2.02E-05,2.18E-05,3.44E-05,1.17E-05,8.31E-06,5.40E-05,3.79E-05,1.67E-05,5.83E-05,6.13E-05,1.42E-05
4.71E-05,3.41E-05,2.03E-05,6.93E-05,5.54E-05,7.18E-05,3.37E-05,4.03E-05,4.48E-05,3.81E-05,5.95E-05,1.61E-05,7.05E-05,4.03E-05,1.11E-05,8.31E-05,0.000101197,1.61E-05,0.000120011,2.04E-05
3.68E-05,3.42E-05,5.73E-05,5.83E-05,1.86E-05,3.52E-05,6.98E-05,3.06E-05,3.70E-05,1.57E-05,1.36E-05,5.31E-05,3.66E-05,4.22E-05,1.55E-05,4.59E-05,5.34E-05,2.93E-05,3.65E-05,1.26E-05
3.14E-05,5.20E-05,5.11E-05,2.34E-05,8.64E-05,4.64E-05,5.37E-05,4.32E-05,5.83E-05,1.55E-05,3.01E-05,6.77E-05,4.56E-05,1.61E-05,5.29E-05,8.33E-05,9.72E-06,5.43E-05,1.61E-05,1.52E-05
8.84E-05,3.60E-05,2.76E-05,4.52E-05,3.05E-05,3.73E-05,3.55E-05,2.10E-05,3.65E-05,5.19E-05,1.98E-05,3.28E-05,6.40E-05,4.56E-05,3.34E-05,3.44E-05,6.99E-05,2.37E-05,6.14E-05,2.29E-05
2.70E-05,6.79E-05,2.25E-05,3.79E-05,3.31E-05,3.08E-05,3.74E-05,3.33E-05,2.04E-05,2.02E-05,2.18E-05,3.44E-05,1.17E-05,8.31E-06,5.40E-05,3.79E-05,1.67E-05,5.83E-05,6.13E-05,1.42E-05
2.14E-05,2.52E-05,4.33E-05,2.29E-05,4.83E-05,2.26E-05,8.94E-05,1.48E-05,2.21E-05,3.68E-05,4.29E-05,6.39E-05,2.21E-05,4.70E-05,2.23E-05,2.04E-05,4.15E-05,5.60E-05,2.85E-05,4.19E-05
3.14E-05,5.20E-05,5.11E-05,2.34E-05,8.64E-05,4.64E-05,5.37E-05,4.32E-05,5.83E-05,1.55E-05,3.01E-05,6.77E-05,4.56E-05,1.61E-05,5.29E-05,8.33E-05,9.72E-06,5.43E-05,1.61E-05,1.52E-05
5.26E-05,8.29E-05,6.83E-05,4.10E-05,4.76E-05,5.96E-05,6.11E-05,6.57E-05,3.91E-05,6.32E-05,3.30E-05,2.94E-05,6.18E-06,2.12E-05,7.75E-05,5.34E-05,0.00011752,1.31E-05,3.52E-05,5.08E-05
3.68E-05,3.42E-05,5.73E-05,5.83E-05,1.86E-05,3.52E-05,6.98E-05,3.06E-05,3.70E-05,1.57E-05,1.36E-05,5.31E-05,3.66E-05,4.22E-05,1.55E-05,4.59E-05,5.34E-05,2.93E-05,3.65E-05,1.26E-058.768642096554178e-05,6.484226620438797e-05,4.129479692193921e-06,3.1376472910167656e-05,4.871795213290726e-05,1.5968384471088115e-05,2.7538769990310112e-05,1.717120232424784e-05,3.900526886182199e-05,5.2236210785799865e-05,4.018013245884042e-05,3.3897428462513235e-05,2.9082891943713628e-05,5.919717859058156e-05,2.5698100261439596e-05,6.245028870833724e-05,5.147441128214758e-05,2.4655968690565743e-05,2.1787890428672307e-05,3.3974659034252135e-05

0.0001540686036701317,5.4006729213975205e-05,3.0044550556283518e-05,2.534270175098843e-05,4.431874893967503e-05,7.763699968136426e-05,3.0012405511775566e-05,4.7093938727521413e-05,2.9043348734970815e-05,2.6019427280764796e-05,7.469491292981639e-05,3.0715259039102214e-05,4.88431427527897e-05,5.234117334510474e-05,3.8727437013049436e-05,2.9163805048183436e-05,1.2299559575005976e-05,3.059216684961033e-05,4.222357415382341e-05,2.16121804295848e-05

0.0001905788722992217,3.848315564870662e-05,1.2059705023101666e-05,3.4690962228303026e-05,3.855136849495104e-05,1.87327479732439e-05,4.460487459029222e-05,4.609727749787702e-05,5.435321142401324e-05,2.9018988894433024e-05,2.7169765648189584e-05,6.622850089735952e-05,2.8571106189597976e-05,2.941153594882923e-05,7.450456302468173e-05,2.6379485046143733e-06,4.8474004829656054e-05,1.242547002767854e-05,3.269636326625498e-05,1.596855365405576e-05

0.0001520227905077572,2.3875979401137744e-05,7.016471668109795e-05,4.7249745273155134e-05,1.5631888180265697e-05,4.8207364481514266e-05,1.9434138121680513e-05,6.714834409318113e-05,3.654787838259341e-05,1.1307144100202303e-05,3.958663392363322e-05,9.000064548983651e-06,3.614419673256097e-05,6.74658171771628e-05,2.994240950949028e-05,1.6368780844355168e-05,1.3786277010327741e-05,5.986393335687515e-05,1.7970554653602702e-05,3.980972714518883e-05

9.243440258922533e-05,2.3935906482000848e-05,1.6410128862451153e-05,4.533300501077297e-05,3.856228380268131e-05,5.4276173152363345e-05,6.203881818516737e-05,2.0928951850586743e-05,4.628711471245174e-05,4.434906464183419e-06,3.459684133887257e-05,1.781187054672441e-05,5.32961903571333e-06,4.09396992157919e-06,5.626097295733216e-05,4.679003139004313e-05,4.9887297254077695e-05,2.3442624350236767e-05,1.7907543614662996e-05,7.072878516821669e-05

0.00010397480576944383,2.459402663089497e-05,1.368640345545661e-05,3.4042780901245953e-05,1.7721201957164525e-05,3.401831370439664e-05,2.5353157477665188e-05,1.8261216321594684e-05,1.380526471709799e-05,3.3703103923460236e-05,4.189494457919516e-05,3.741514711316471e-05,4.573618827027074e-05,1.783051002233101e-05,4.1774262155140556e-05,7.484791734258427e-05,7.332375705143593e-05,1.8212787563441316e-05,2.5085684904213135e-05,1.902748504691037e-05

8.915983780254815e-05,2.9631241027382153e-05,4.557933964235661e-05,6.645485434039698e-05,4.4751647161131615e-05,4.328894610998576e-05,1.535157084176097e-05,4.134715381563936e-05,2.5803172403462424e-05,4.3423442974132934e-05,2.8140795122974218e-05,2.7734137578946773e-05,1.3094044873840214e-05,3.068024369154915e-05,5.745771629456716e-05,3.8098429871324524e-05,4.6342362318665736e-05,2.5254537632476928e-05,5.3195595096464777e-05,4.3134272185379755e-05

0.00022483661294189745,3.303710324209708e-05,2.382649363839808e-05,2.469749222510216e-05,6.721660771969552e-05,3.805518545521266e-05,6.302788303350719e-05,4.522414616577071e-05,1.0676841065052865e-05,2.8776909508750872e-05,4.020036445716152e-05,4.8023151388121634e-05,4.126097532527187e-05,5.232359442631717e-05,3.0507549214929057e-05,3.158388199711165e-05,5.255160846440383e-05,2.6165379826435252e-05,3.303403098356744e-05,3.379639427366872e-05

6.391880952358691e-05,1.7741352606007548e-05,1.7681636521464753e-05,2.0926709359197283e-05,1.3500672473449004e-05,7.106545998785791e-05,6.719781635462106e-06,3.230580338376986e-05,3.380825175049107e-05,5.517647446920625e-05,1.423497715144073e-05,4.0045375802508335e-05,3.567040827884681e-05,2.3333799330225743e-05,2.45249692959034e-05,4.335161206098162e-05,4.225635097909268e-05,2.462469902405669e-05,4.273795287322156e-05,3.440468232080568e-05

0.0001540686036701317,5.4006729213975205e-05,3.0044550556283518e-05,2.534270175098843e-05,4.431874893967503e-05,7.763699968136426e-05,3.0012405511775566e-05,4.7093938727521413e-05,2.9043348734970815e-05,2.6019427280764796e-05,7.469491292981639e-05,3.0715259039102214e-05,4.88431427527897e-05,5.234117334510474e-05,3.8727437013049436e-05,2.9163805048183436e-05,1.2299559575005976e-05,3.059216684961033e-05,4.222357415382341e-05,2.16121804295848e-05

6.837475056016151e-05,4.9855187885011324e-05,8.121297795733703e-05,3.9822371750187904e-05,2.1427044273108403e-05,2.539736696511227e-05,6.730254948465903e-05,4.364275649775322e-05,7.20806093932676e-05,3.093173047197941e-05,3.5120554907283625e-05,3.0700850020343535e-05,3.4007919020563184e-05,3.373471914658875e-05,3.827954849206752e-05,1.567403796807526e-05,4.120144028652201e-05,3.678732732803904e-05,6.350406399233095e-05,2.824425391304478e-05

0.000440120746941647,5.510053123706889e-05,9.624195482696772e-05,1.4026942424555098e-05,1.454824554264261e-05,4.880720257666574e-05,5.6829795162461884e-05,8.724062398674671e-05,5.043806199138834e-05,6.24439063070905e-05,6.568227499577872e-05,5.474526918704089e-05,3.217494411054629e-05,5.090303286360028e-05,3.944919737631378e-05,6.763556737541515e-05,5.676889740332824e-05,4.663871668705911e-05,2.0633542572940688e-05,2.858371916766364e-05

8.768642096554178e-05,6.484226620438797e-05,4.129479692193921e-06,3.1376472910167656e-05,4.871795213290726e-05,1.5968384471088115e-05,2.7538769990310112e-05,1.717120232424784e-05,3.900526886182199e-05,5.2236210785799865e-05,4.018013245884042e-05,3.3897428462513235e-05,2.9082891943713628e-05,5.919717859058156e-05,2.5698100261439596e-05,6.245028870833724e-05,5.147441128214758e-05,2.4655968690565743e-05,2.1787890428672307e-05,3.3974659034252135e-05

0.00013120773890605442,5.98708363862382e-05,6.568235131052802e-05,4.1839107324190175e-05,3.971315557447821e-05,5.9053188280487384e-05,1.5326645803509707e-05,8.728459757702738e-05,4.852892260670879e-05,5.092109187102479e-05,4.8333639377369984e-05,7.137569939146872e-05,5.186541004499522e-05,6.258375041727119e-05,6.364773607670685e-05,6.742125022479012e-05,6.821860554444226e-05,7.740338027301275e-05,2.7596742754793507e-05,8.161910950159718e-05

5.8810360695068534e-05,2.320487708771729e-05,1.8501893989431038e-05,1.3167172581645616e-05,6.58831757313319e-05,3.2170567219164344e-05,4.29097416566223e-05,3.730724369634187e-05,9.362225999445106e-05,1.2681060325254918e-05,2.6174796806956388e-05,3.5292850305414255e-05,2.489262319882457e-05,2.36190152223963e-05,9.395679162595289e-05,2.2978435001566122e-05,1.0240133544292275e-05,3.8143217953694694e-05,3.728914661426206e-05,2.957077717212669e-05

0.00020554311081818005,5.612548353036605e-06,0.00010813763454246893,3.911039070507192e-05,2.569139924620983e-05,8.032286950621943e-05,5.202735884145782e-05,3.079494318758769e-05,5.449159984851364e-05,1.7637002752521556e-05,2.2324774001042554e-05,3.927960360409085e-05,1.556239744270879e-05,4.752297918524906e-05,4.6283625477048306e-05,7.438562376820166e-05,5.932613862156574e-05,7.77144244528101e-05,2.8075740398442336e-05,7.342235269815852e-05

0.0001077321730008375,2.7866210492914667e-05,1.8243667119734215e-05,3.782705334088021e-05,1.9413847373550633e-05,3.594558386378251e-05,5.560352360410155e-05,2.154602878575104e-05,2.929682502919442e-05,2.6495411543057363e-05,5.458825353262743e-05,8.018708589805901e-05,8.93550629157623e-05,5.357896795054104e-05,1.3562907745407011e-05,2.893680552024805e-05,5.807110706085369e-05,3.5611070686060956e-05,6.933502456384006e-05,5.2996669164950284e-05

7.447254659902766e-05,5.93475375278221e-05,2.293696496921434e-05,4.771023653280718e-05,1.3155301940215239e-05,3.0229244281410707e-05,2.229277542035412e-05,6.215517914829994e-05,3.4361874987776514e-05,4.188675352666213e-05,3.349940429798065e-05,1.0573668265987554e-05,5.873375761770279e-05,5.532733400894262e-05,2.153433762593017e-05,3.474609619440857e-05,7.368037316667742e-05,3.4602307523397276e-05,5.9497375609530644e-05,7.483573272851801e-05

0.00035109604237063073,4.1694060500919884e-05,4.765169608070969e-05,7.469226100735548e-05,2.0438486196448315e-05,3.3364945927919646e-05,8.461319209440395e-05,2.1689421013867264e-05,7.136024323377377e-05,1.694899590216901e-05,1.272068602515954e-05,2.8307612239015072e-05,6.63962231512437e-05,6.508931477429615e-05,6.722148985100981e-05,1.3945121064300235e-05,2.68326179039328e-05,3.71816721559462e-05,3.861881276438555e-05,2.6754342417927947e-05

1.6856863658531857e-05,3.228015320275272e-05,3.6265661331127846e-05,2.9357921528952773e-05,5.289718037951785e-05,3.725148976571194e-05,3.872149045849729e-05,3.992507587990762e-05,4.451960099835581e-05,5.094811541880004e-05,2.0444560060155695e-05,1.2141944413884062e-05,5.9434488938445274e-05,5.269508616733973e-05,4.0535615140731115e-05,1.3428704858607098e-05,7.108744577501112e-05,5.156984399606041e-05,3.07942459183879e-05,4.467538663754637e-05

0.0002956741099394517,4.8841582133192964e-05,3.8492686325196914e-05,3.885405413447962e-05,2.8617003559248823e-05,3.584913117718676e-05,5.331371457835814e-05,2.17556676684696e-05,4.127952218583754e-05,4.952287986635961e-05,1.3087721599790021e-05,4.039325071309893e-05,2.423138421717167e-05,8.862788725806182e-05,6.103611423895042e-05,3.305600353822547e-05,4.194295858356548e-05,6.239408119567692e-06,6.804865491754731e-06,4.8070058121488944e-05

0.00017898846334814776,3.2832121346498334e-05,6.851467591138296e-05,1.8189107653076952e-05,4.271482785603651e-05,4.438839631081243e-05,2.319394484641721e-05,5.8226982829977296e-05,4.3484156050091244e-05,1.5091491003132856e-05,5.401705226441211e-05,3.962233517796365e-05,7.296879885057306e-05,5.466826483027697e-05,2.676673079321873e-05,9.782476561021683e-05,5.149265584315979e-05,3.153668306029878e-05,1.7339376573774043e-05,4.777062260177847e-05

0.00017409169144242016,6.283845518444905e-05,5.2421326509604725e-05,1.3224939491573204e-05,3.9158425736683774e-05,3.984380323918789e-05,4.125732938009827e-05,5.201364385159587e-05,6.238659938326169e-05,9.377976510866282e-06,3.603859557938919e-05,6.950066647526946e-05,4.786016562161165e-05,6.98060919980299e-05,5.139916466091992e-05,9.222676486017284e-05,3.799478318876448e-05,2.3629968831442996e-05,4.7293434984650136e-05,4.242707720634078e-05

5.321404059871087e-05,6.339333091693077e-05,1.186603971059362e-05,7.098293756428574e-05,3.950848683695914e-05,3.03974270926968e-05,3.306680948889919e-05,2.0521035590210296e-05,5.00903667061098e-05,9.662803591220338e-05,4.8122952032802945e-05,3.842727460077645e-05,0.00010843835920680603,3.460384660814423e-05,4.188517723550945e-05,1.5526626740826836e-05,3.537801321578421e-05,3.555630299367274e-05,2.504116267203816e-05,1.2300099058809448e-05

0.00014028330294675001,6.53266009878776e-05,0.00010035664619525273,2.5723282643596615e-05,2.6855906932435462e-05,2.957778811908411e-05,2.524410887680666e-05,3.8464691836685125e-05,4.0250860010820346e-05,1.8157654739863023e-05,1.1792033420111054e-05,3.128020115526068e-05,2.397583239800164e-05,6.328138525383859e-05,4.681600208987601e-05,4.931520188212135e-05,6.229314174866672e-07,0.00010569240015542082,3.969599294974253e-05,9.077338837243148e-06

0.00014224003692184941,5.8546430563216446e-05,5.0073351716790376e-05,3.3946591917917665e-05,6.830706604693281e-05,5.601631846924341e-05,5.103847268685803e-05,2.2313418004372243e-05,3.0118871619949592e-05,3.375998433513519e-05,5.417198749494842e-05,6.310059850242754e-05,3.684820147727079e-05,5.246527712056341e-05,2.0541803745336114e-05,4.593550666329184e-05,2.3280018892311852e-05,3.325071660858445e-05,6.344045741829815e-05,5.573998440994536e-05

0.00013376311081576993,4.8035491629662114e-05,1.3218595364758364e-05,3.295334487013153e-05,0.00010934940182319485,3.5095236690429174e-05,2.923538648933045e-05,2.3440204417848428e-05,5.328005613288868e-05,1.921126783364295e-05,3.804293339703861e-05,5.606372211086175e-05,2.1653302724303552e-05,1.2032600213475119e-05,1.7949728024527464e-05,1.4807123283971298e-05,5.485625232984278e-05,5.351066965045275e-05,4.374778298931424e-05,4.247191150143086e-05

0.0001546434807494484,8.824518963073483e-05,4.6677702306103586e-05,2.7027509082014968e-05,2.121274934972431e-05,5.0712318874176574e-05,3.4343854650678834e-05,6.707333124686742e-05,4.950326781537828e-05,1.7517239003027955e-05,5.373210389143774e-05,6.004296699102222e-05,1.6664949063763266e-05,1.7855193683806075e-05,9.747469712067249e-05,3.9716065479161024e-05,2.368340007225383e-05,1.555300646661503e-05,4.97426484258422e-05,3.931767846298564e-05

0.00032354779207181535,9.082920239099263e-06,6.548170555125248e-05,5.582926650168802e-05,3.2424915128723105e-05,2.531836943778174e-05,3.734091793967394e-05,2.436008506056521e-05,4.6214624786202736e-05,4.203061717664183e-05,4.766068004806001e-05,3.7333943649509014e-05,5.8674889032969815e-05,2.6313490059051218e-05,1.4508831218921661e-05,3.8484605278276135e-05,5.168606537151843e-05,2.3131559071873593e-05,2.9051240682652577e-05,5.236995968422466e-05

0.0002838753954788777,1.6733013249886936e-05,1.9595159888032818e-05,7.276502132939314e-05,2.6591085379741454e-05,4.31499156275377e-05,4.763952554471323e-05,3.096074178127741e-05,5.422573418239327e-05,4.2932178923029856e-05,2.5052543399222768e-05,3.074879435015947e-05,2.8926457470714305e-05,1.1238200519680541e-05,3.427912647894123e-05,2.9097095137817335e-05,1.68694190580443e-05,1.278206785653164e-05,3.8756215502766544e-05,1.6650162920060538e-05

5.814648000553041e-05,1.3414083397848193e-05,6.120316812613288e-05,6.85950039140115e-05,3.440348501026531e-05,1.1289818959603991e-05,7.219436298191347e-05,3.987298201893239e-05,8.313159766728886e-05,3.347001542061509e-05,4.133427911527984e-05,3.9851379083815765e-05,6.021976569280085e-05,5.683240974408376e-05,4.186774102786698e-05,4.4241200519347477e-05,3.64274213996633e-05,4.700418597995702e-05,1.2719669286638295e-05,6.945269569051908e-05

4.430135291590876e-05,6.471213379416359e-05,3.380985689391799e-05,2.4994400688229217e-05,4.140980349350843e-05,4.7087081455885085e-05,1.7018792489125886e-05,5.510316785808883e-05,3.969985572325571e-05,4.3677651988804385e-05,5.817383560076995e-05,4.045617004238817e-05,6.20824129735836e-05,4.9432111748173856e-05,6.935619465610133e-05,2.900598597167637e-05,4.052875437822498e-05,3.1654999089415595e-05,8.520452652449673e-06,3.272057903169682e-05

0.0002740105816195707,7.32091749591011e-05,5.665816315730955e-05,2.0610008718973996e-05,4.629038970496316e-05,4.2624154956977856e-05,3.792978742849571e-05,6.508107595414724e-05,2.1245062976937945e-05,9.294877012709405e-05,3.115202159280181e-05,3.125841278652522e-05,8.123901580316974e-05,3.483883970325331e-05,1.6855309967047273e-05,2.0515583630371597e-05,4.8591936700149814e-05,6.0887055189161626e-05,3.7786949428982584e-05,3.1075814623326596e-05

0.00019883185735190454,7.554587357606498e-05,3.392648035161682e-05,3.0092059607840825e-05,3.187929282099675e-05,1.6812202018217965e-05,2.9640718842800058e-05,3.573546295407716e-05,4.825503192409272e-05,4.349307046957475e-05,1.873147158022913e-05,1.2430808968885918e-05,5.230317481782613e-05,3.156696537147261e-05,3.5989259119503934e-05,3.0024889167305017e-05,3.5780824522831954e-05,6.123966133612181e-05,2.5081318684743484e-05,6.710872251289611e-06

2.5380480475095814e-05,4.6469628940553824e-05,5.500345449182068e-05,3.648761515144403e-05,2.5408594459298665e-05,3.3736850039961214e-05,2.587863921929383e-05,4.398289895095469e-05,6.62475990704515e-06,3.670239960793166e-05,2.8445195845187835e-05,1.805111403146242e-06,5.104703670377212e-05,1.3190727909972328e-05,2.061476938665605e-05,7.563160748035231e-05,6.438052943922105e-05,2.8684095559803358e-05,2.853198640651093e-05,5.773617644213843e-05

0.0001776928249136276,9.775802472278195e-05,4.035312102842085e-05,3.882701236291666e-05,1.3746129550875644e-05,7.727017382613309e-06,2.578147207889079e-05,4.079564459592049e-05,3.229226613570173e-05,3.791069459586377e-05,1.4533599342617958e-05,2.009335887420899e-05,5.02087537313649e-05,8.882078975570706e-06,3.4561077186195894e-05,2.366352099641035e-05,4.4665692365592694e-05,2.7887648484736862e-05,5.001885145940264e-05,3.6183295045445245e-05

0.00010179851356238065,6.511906110322801e-05,3.5789787412674925e-05,3.787300133213634e-05,3.665873282461236e-05,2.499917104359357e-05,4.870178550092346e-05,3.158453012144814e-05,9.769103720003068e-06,1.932706608184167e-05,2.98805397235558e-05,3.3635354792137685e-05,5.5534414264429e-06,6.381296213883217e-05,3.081035691417605e-05,5.3904256011134686e-05,3.053528701767995e-05,3.4561040966508116e-05,1.1944509333538171e-05,7.8161662584271e-06

0.00043983401086940884,6.136989541176791e-05,4.000236871143536e-06,4.025381826825702e-06,3.341483240701459e-05,5.592593992832442e-05,3.726578553066862e-05,1.1190106368916587e-05,5.371729738337599e-05,3.687609696538848e-05,1.3663479995892086e-05,3.6481510673021494e-05,5.0691749167336646e-05,4.508052331263195e-05,1.2518194008882869e-05,6.207242021618064e-05,3.0736892848378536e-05,5.6733338352659245e-05,3.38431814054127e-05,2.3629493397438273e-05

0.00024726630334356685,2.4708990857639053e-05,3.3526032791917325e-05,2.824819042894903e-05,1.203123391080977e-05,5.611465800186022e-05,1.9839132075746957e-05,4.793460459260587e-05,2.4834237411205732e-05,5.904090508145839e-05,3.615387988061523e-05,3.8825524329731456e-05,4.5222835469435294e-05,2.250397827447679e-05,3.2859653424926415e-05,1.3986810493212374e-05,1.823854820169566e-05,2.310002485912026e-05,9.978880302655946e-05,3.585174532142824e-05

0.00013867633228633423,1.381889678645233e-05,3.70193805960916e-05,1.3574393495817761e-06,5.200507500276376e-05,3.8193397131730135e-05,1.5976538439022515e-05,2.8268913863794105e-05,1.234094762637692e-05,1.4086415460202665e-05,1.6245854792005947e-05,6.067334071906364e-06,2.6666371658141917e-05,1.8468483254402586e-05,1.0802976112468422e-05,5.652323577967203e-05,5.235717852453844e-05,5.619891446799365e-05,3.7750578765683785e-05,1.163981233988338e-05

8.967125957299597e-05,6.327464481681396e-05,8.762738711102354e-05,4.9389736912029056e-05,1.8004466358454965e-05,6.219513172802417e-05,7.6051610457982e-05,5.316557916582067e-05,6.998572987495559e-05,1.093521093863848e-05,6.85857691730905e-05,4.265206069156862e-05,3.837158050257594e-05,4.4279672413612896e-05,3.6715501967908046e-05,3.785277222814857e-05,1.653403031292157e-05,5.135303071360867e-05,1.733084766121616e-05,3.082352542273793e-05

0.00021679714740478664,1.3478068848312714e-05,3.563219377499202e-05,3.464176891263697e-05,5.0498342879118215e-05,3.3312005284193156e-05,3.398189948183481e-05,4.6987912066027666e-05,1.158632748919035e-05,4.1145741547624195e-05,3.295024119537486e-05,2.4420125729153143e-05,7.323492561713239e-05,2.946889438200981e-05,2.3910474112540597e-06,4.091061072635161e-05,2.9168080560847617e-05,6.385725475974724e-05,3.047759313270794e-05,1.166203737331419e-05

8.20604902617699e-05,4.75110195747351e-05,8.497246258919747e-06,2.8768205490164763e-05,4.5807994532118406e-05,6.013624127585106e-05,4.4849941030917026e-05,3.747769603853184e-05,8.147517707721865e-05,5.2348344235076846e-05,1.1366086207232937e-05,1.4697135805078144e-05,4.5439154328957305e-05,5.3773394393376276e-05,2.4521453226933205e-05,2.7189013983721082e-05,3.503481412660127e-05,4.9811252395496845e-05,2.624498994427441e-05,4.262033670435387e-05

0.0003722976611214263,5.381432595062353e-05,6.832722011614173e-05,2.686882827565438e-05,2.5177760656160397e-05,3.489483078001401e-05,5.539695917357182e-05,3.4546593905436086e-05,1.553898580383534e-05,3.197648728278758e-05,8.989547755402709e-05,6.487039331287468e-05,3.843397643992498e-05,2.3239727672336262e-05,2.4907660363821477e-05,3.1271786899779975e-05,4.9048354860649073e-05,4.3831323722230054e-05,3.145551075543881e-05,3.12638582086843e-05

0.00012216827382709384,3.165550224558609e-05,6.076619245414147e-06,3.620759054514251e-05,0.0001366274601652078,5.028967018617119e-05,4.861619312870262e-05,2.9279785446847274e-05,2.622391275743819e-05,7.272566984908537e-05,1.8653316043944984e-05,4.752068140093066e-07,5.1104852583100565e-05,4.414535439031372e-05,5.296550982365556e-05,1.8505014626742922e-05,8.772581080909036e-05,5.61834820703782e-05,3.0814374681027266e-05,2.712299913814833e-05

0.0002713634425090603,5.390180435509412e-05,4.938052447404798e-05,2.804186015516653e-05,6.478638488235288e-05,5.310505974945605e-05,1.862418604444725e-05,2.270208890494629e-05,4.061022224797385e-05,6.714534503954066e-05,5.888975838177968e-05,2.016477010514623e-05,4.787932850684925e-05,2.550799841785251e-05,6.406220479205423e-05,3.291235952990462e-05,6.454050610933718e-06,4.097486181707441e-06,5.778128743011884e-05,2.7317714888490666e-05

0.0004865730351063102,4.178027967376071e-05,4.834518254733811e-05,2.7147015762518806e-05,4.858580477799808e-05,5.773751409348041e-05,5.164024883096155e-05,5.803346296105693e-05,3.244359526079879e-05,2.339647011564636e-05,2.810797838929389e-05,6.890659498094493e-05,7.496992012558435e-05,6.0942753140996915e-05,5.888274934919163e-05,3.648574718419288e-05,3.72932034478279e-05,6.106179121055357e-05,4.061625792023642e-05,2.149053054127396e-05

0.00011787759842369308,4.176423883995459e-05,8.346227013047415e-06,3.893529136184353e-05,2.014616296117728e-05,5.2024825330721506e-05,1.6990725730555442e-05,3.760994403378905e-05,4.171052108727788e-05,9.575804847120723e-05,8.30767874887169e-05,6.780597771777419e-05,6.4992483375428785e-06,3.7658376993946786e-05,5.233612366983245e-05,6.77747511790852e-05,2.6098655757159548e-05,2.5311917946047782e-05,3.9124775102539545e-05,4.776074028741437e-05

9.141785183444801e-05,3.5830066467254885e-05,7.530152489252505e-06,3.651585868534601e-05,5.805350860948261e-05,2.1002115629022392e-05,4.4614520939426304e-05,7.195869673918337e-05,9.491872903742574e-05,4.188348349385781e-05,5.6894117411144996e-05,1.9183359448758765e-05,9.402310971218356e-06,0.0001219340261747462,1.8300567619202896e-05,2.9599586483376572e-05,3.54469776682116e-05,7.976160660028096e-05,3.134407180689902e-05,4.280350662461124e-05

0.0006326059363741108,5.06447466483492e-05,3.3962680677252834e-05,2.6183197321968586e-05,3.173235017854329e-05,2.5152456679449854e-05,2.600391352223352e-05,4.891025922594307e-05,2.890249445345071e-05,2.8746440080478863e-05,5.212565154287919e-05,5.44106634617404e-05,2.6247906762159307e-05,3.615826045324495e-05,4.726803503136449e-05,2.975032345359583e-05,1.5135430909907396e-05,5.635055239825061e-06,7.784336147757962e-06,2.1368745974589066e-05

0.0003765760875547727,3.91309055390917e-06,5.16306810892916e-06,6.0870186944441886e-05,6.756199255628227e-05,4.569623365746736e-05,2.2556353956200293e-05,3.33563790118578e-05,3.5868229233425634e-05,5.0941246118566884e-05,2.506904776955416e-05,2.588179231736813e-05,1.3503135512740436e-05,3.0494643840873217e-05,1.540633447692343e-05,5.1203320392680435e-05,4.8964851781984444e-05,1.3531145331445027e-05,1.6488905100855157e-05,1.8292010946342066e-05

0.00014288180862167708,9.94893001270576e-06,1.787596698855674e-05,5.2302833257764364e-05,2.3968780178769365e-05,5.2485593138673136e-05,4.843764190087578e-05,3.979061752779951e-05,3.7154357202500712e-06,5.132920100903412e-05,5.50745540685734e-05,2.839601360571738e-05,2.591851843791683e-05,0.00010445551903447152,5.883993971543964e-05,1.5364623511407582e-05,2.208933870066484e-05,4.595265064280594e-05,1.514160388749265e-05,3.852978776603955e-05

0.00023484483228767886,3.390498530173708e-05,5.880335713377342e-05,5.157028749516317e-05,7.027439965012908e-05,8.717970903181976e-05,3.2954039449775474e-05,2.944152245444397e-05,8.473439254780915e-05,6.914834962586969e-05,3.9594604781956103e-05,5.629104802204061e-05,5.600370658354859e-05,2.1307354422416133e-05,3.265852600913365e-05,6.282714300207305e-05,2.5432528573895915e-05,3.2020456129409716e-05,2.946738930861012e-05,1.7576375134312546e-05

0.00013941462219226798,5.4152332042684336e-05,4.003651664283772e-05,2.4408537061145973e-05,4.911294923694587e-05,1.0816547529306986e-05,3.225391852192138e-05,6.412395387725868e-05,3.1769909195859476e-05,2.1969889039397137e-05,2.2972514268958588e-05,3.105970066552873e-05,3.841316069401178e-05,4.562096207723009e-05,1.0494052285935044e-05,1.685397620436423e-05,3.6590868417009175e-05,6.569031905585013e-05,2.8349123483774352e-05,4.2080235235061976e-05

0.0005816198626556237,5.317067815111158e-05,2.6815586813877946e-05,3.25174758530352e-05,4.027753809774969e-05,1.8495632367295567e-05,4.3698592897373444e-05,6.646203906390821e-05,2.8228299520014185e-06,6.19785900372973e-05,7.114415418963573e-05,5.418671255630232e-05,4.5425069905994736e-05,1.1523325926177816e-05,3.488966028714932e-05,7.080053367113919e-06,1.827555852372467e-05,2.9525833150627857e-05,2.7160813372188518e-05,2.824904537889506e-05

0.00014288180862167708,9.94893001270576e-06,1.787596698855674e-05,5.2302833257764364e-05,2.3968780178769365e-05,5.2485593138673136e-05,4.843764190087578e-05,3.979061752779951e-05,3.7154357202500712e-06,5.132920100903412e-05,5.50745540685734e-05,2.839601360571738e-05,2.591851843791683e-05,0.00010445551903447152,5.883993971543964e-05,1.5364623511407582e-05,2.208933870066484e-05,4.595265064280594e-05,1.514160388749265e-05,3.852978776603955e-05

0.0003153851735657103,3.524051571195992e-05,2.641824389496257e-05,4.1058967469012095e-05,2.1013200143479603e-05,4.406081988398995e-05,1.4269426421382314e-05,5.8305163330752506e-05,4.471319193528419e-05,2.8118124495078815e-05,2.4559360915883124e-05,3.30394666496708e-05,1.9306121515478724e-05,4.570409952094001e-05,4.8881454700704865e-05,7.045208985001153e-05,3.0417277985509337e-05,2.7186423087718834e-05,5.3859994340103386e-05,5.4126394088004624e-05

0.0002319416456048052,2.8960082059076948e-05,4.93118998014482e-05,2.0214785667599247e-05,5.263424126977761e-05,1.555272036793502e-05,2.7176065796081842e-05,7.34051271537473e-06,1.5783256979462555e-05,4.071156517682651e-05,6.863060393893097e-05,1.1675417419019272e-05,2.666139897379804e-05,5.5791229388784675e-05,6.364044073383833e-05,1.1631533504392752e-05,6.192591191851809e-05,1.2499712964111254e-05,1.1459019330289187e-05,0.00011260818591221668

0.00015436676941602047,2.5443940863761585e-05,5.345357872245419e-05,0.00010801123065622774,3.3632433709711624e-05,5.1257515632255495e-05,2.5731987874696506e-05,8.134991614432289e-06,7.484407520716849e-05,3.7019704158149845e-05,1.0947051846030368e-05,5.638715984531073e-05,4.5979283510451763e-05,6.714266862160741e-06,4.402636752399006e-05,3.7256056116916185e-05,2.46023475965475e-05,8.002006910349397e-06,5.9636957213159384e-06,3.8935808020506914e-05

0.00027082917107088813,5.634176470218818e-05,5.6660775311586866e-05,2.326127163526097e-05,9.461442733131646e-05,6.499811036399308e-05,1.571253839433812e-05,2.301297533371342e-05,4.5636903902392654e-05,4.521563662792268e-05,4.876534929338463e-05,6.455744663078166e-05,2.8755668988971233e-05,3.263254257487173e-05,1.0955815823665441e-05,4.74929256511979e-05,5.32805335918901e-05,2.9303845438754456e-05,4.0313731507377545e-05,3.627541100691587e-05

0.00043709440460014295,4.232988521865298e-05,4.155352704285167e-05,3.0802545710553746e-05,4.342093511136814e-05,1.4778101975260343e-05,6.4835196725691e-05,4.3519487783254165e-05,1.7087780240236377e-05,4.746239605560101e-05,3.8785828085719565e-05,2.0828501701015528e-05,4.551166325205241e-05,4.323232454522472e-05,2.5921683989368912e-05,1.8934359296765824e-05,7.285804544913383e-06,8.422172980768826e-05,1.5608637918793466e-05,7.98756495590355e-05

0.00040300182771045297,3.769314437950189e-05,3.063211286983748e-05,2.005816620231846e-05,4.003238142794707e-05,9.400022122597867e-06,3.539317922202191e-05,2.6352871303087444e-05,4.147872681090062e-05,8.058879982512067e-05,6.249973243798538e-05,2.2898171877494252e-05,6.270383473655693e-05,2.014991506048159e-05,7.512066574251702e-05,5.429539532804989e-05,2.4933311716021125e-05,5.417193765850074e-05,4.7941884093654616e-05,1.7412747514174083e-05

0.0004390029291638881,5.912991855969639e-05,1.6460378530478072e-05,5.578034108782365e-05,4.3923990603502404e-05,4.4391682226404054e-05,1.0822309492363253e-05,4.155036373384751e-05,1.214407142721364e-05,2.2563713699448736e-05,1.7109253449745706e-05,3.59662549630583e-05,8.655490790109679e-05,8.310017150450969e-05,8.925434398029838e-05,3.397570792366685e-05,2.8832474682605883e-05,3.2615600510576295e-05,1.5354661709197557e-05,3.6439121464938904e-05

0.0006853047854759712,6.883618761574852e-05,4.8039361955079135e-05,4.5346808119801324e-05,2.905519586680573e-05,5.491143327935177e-05,6.271887841078044e-05,6.921272764178854e-06,3.56301808559476e-05,1.9811590474148804e-05,1.6021353940003995e-05,0.00010123650490466135,4.110884090356222e-05,5.205731104462231e-05,1.6209580585194667e-05,5.515633632673989e-05,3.85329808016183e-05,5.3554294611227676e-05,3.727716152040969e-05,4.1688446947310276e-05

0.0003724172690872105,4.4672142492828153e-05,5.4791983377496015e-05,2.536965456718579e-05,2.3881758817087186e-05,5.292921405953921e-05,2.637047005793187e-05,3.10896615866314e-05,9.439128521731603e-05,5.044427741207181e-05,2.7876177675321123e-05,4.064075512335592e-05,1.704048278670866e-05,2.867084893746575e-05,4.057357797439902e-05,2.5487309299753607e-05,3.7221200564594536e-05,1.1123393562876282e-05,1.4299804522019779e-05,3.464912231785428e-05

0.0006831592921619539,6.0008710949199135e-05,4.113506394963749e-05,2.390854120915785e-05,5.723269619215562e-05,1.9058206551556298e-05,3.553403528926146e-05,3.421662831096155e-05,3.074896176055199e-05,9.611309803762823e-06,3.325135020969878e-05,4.0886783479090654e-05,3.359298272752608e-05,2.745309593052075e-05,2.1895640674192337e-05,2.857149172619053e-05,3.0180760944104964e-05,3.0717999964108584e-05,4.125705374174795e-05,2.897644357516551e-05

4.440456868740585e-05,3.445801377448456e-05,1.9140423611271027e-05,1.3716226637735714e-05,5.474946700896607e-05,1.8299645266590633e-05,5.86966167950077e-05,3.158720681762012e-05,5.724064039282924e-05,3.605837611891108e-05,2.605938610614998e-05,2.5651290377788006e-05,4.69721545942334e-05,1.1533128813360931e-05,4.926077466485187e-05,4.410991030381745e-05,4.623922412534695e-05,1.7736287516948493e-05,1.6613685658497097e-05,8.487290586109043e-05

0.0010190451251125626,6.346532545739182e-05,7.899924939006201e-05,6.5758006589249e-05,2.5345016934031087e-05,1.2076573033228162e-05,6.085871193739523e-05,7.061499242772467e-05,3.290435750749619e-05,1.7760412846159358e-05,5.68007023016767e-05,6.781989509828362e-05,3.37753515947312e-05,3.435678225018624e-05,5.367983281394804e-05,1.3664330002731608e-05,4.018348547195258e-05,5.5591917670122146e-05,1.8295270052208904e-05,1.9438958371936473e-05

0.00041025087658190604,2.6694356303395963e-05,5.103529586202066e-05,1.8162227783778157e-05,5.889749878301838e-05,5.1471201451331794e-05,3.535999399388621e-05,3.897759433681913e-05,2.5130586941538207e-05,2.2219806565751252e-05,6.005688380183752e-06,7.04008504535839e-05,3.4806162842402e-05,2.9103486577235032e-05,3.5622128175662526e-05,3.460070595660591e-05,2.9380311777834334e-05,3.788445335621909e-05,3.1034556587627375e-05,1.8169154953185098e-05

0.00033605747411978934,6.634769318036892e-05,2.266327758995596e-05,5.515445695295353e-05,2.9151422661943506e-05,1.6363284101272983e-05,1.6426745546062273e-05,1.1884156023556257e-05,4.3635083606858414e-05,5.754136792450814e-05,4.038426371674711e-05,5.368482615291068e-05,8.00970830627974e-05,2.2806061728052118e-05,1.7436930958247422e-05,2.5101597044573183e-05,1.759666608912879e-05,1.368983713279274e-05,4.640675257529344e-05,5.3142972947534e-05

0.0010190451251125626,6.346532545739182e-05,7.899924939006201e-05,6.5758006589249e-05,2.5345016934031087e-05,1.2076573033228162e-05,6.085871193739523e-05,7.061499242772467e-05,3.290435750749619e-05,1.7760412846159358e-05,5.68007023016767e-05,6.781989509828362e-05,3.37753515947312e-05,3.435678225018624e-05,5.367983281394804e-05,1.3664330002731608e-05,4.018348547195258e-05,5.5591917670122146e-05,1.8295270052208904e-05,1.9438958371936473e-05

0.0005226919786355351,4.301285123900045e-05,6.688166395693496e-05,3.186987839758168e-05,2.717550979997514e-05,2.3055424345770228e-05,8.48987975653744e-05,2.292390987081102e-05,3.8487492075657e-05,4.716371786733567e-05,1.0292342511142531e-05,2.8613379595851312e-05,3.600865798535952e-05,8.789966082755869e-06,4.860839840976802e-05,2.674314841051455e-05,2.0401957140501303e-05,1.836826857059534e-05,4.051393679130767e-05,2.318614259127209e-05

0.0004981958394915219,7.220282328459112e-05,5.395991015801769e-05,4.61186218638235e-05,5.884032707762387e-05,1.0052222593124329e-05,4.329128405189777e-05,5.685598021333502e-05,3.558843560157494e-05,4.2126675652314705e-05,2.2880442462327405e-05,1.7548422412163864e-05,2.5127386622574086e-05,2.4433335136799844e-05,3.714374040945197e-05,4.078140631114293e-05,3.961775274497668e-05,5.01478365010398e-05,5.312871126354469e-05,9.454528427663446e-07

0.00011657917355323074,1.686764214891122e-05,2.040631960463634e-05,1.8779671935308573e-05,2.44454578110611e-05,4.928148472932424e-05,4.923931786360672e-05,3.1347819402500255e-05,4.8866395278477385e-05,1.3212386131079478e-05,4.9707376400200556e-05,5.960181101026484e-05,6.384346419558276e-05,1.9838371408761482e-05,3.157845831994654e-05,6.881923947156067e-05,2.8892721510718356e-05,5.460201681304009e-05,5.170795246059344e-05,5.5259366345432296e-05

0.0004175334639991652,4.666961234257031e-05,7.671095225679756e-05,1.908183758758984e-05,2.8206433798648144e-05,3.6180482454739295e-05,2.932451402449529e-05,2.00748149946017e-05,5.005014126727061e-05,6.842444251819636e-05,7.86432511736448e-06,3.7205053853397524e-05,5.649045707401964e-05,5.480116455898071e-05,1.7907787821102574e-05,4.564935038287681e-05,6.128528349500555e-06,4.247597718651375e-05,5.203619231675963e-05,5.5574980585918874e-05

0.0008067330564477867,4.4108739497384415e-05,1.4620693940689881e-05,7.588851668525502e-05,6.79988803382121e-05,4.690429906670909e-05,3.0457072216718425e-05,2.93749626693157e-05,3.146633368076718e-05,4.339452794358286e-05,3.71368222787222e-05,5.525254088830576e-05,4.88187885471458e-05,5.8616213569914455e-05,2.3240111328965806e-05,1.734844390180371e-05,3.064819162783813e-05,7.250203301269253e-05,2.5734783912165047e-05,3.0178450640581916e-05

0.0003597614232198937,3.2873251560205204e-05,2.21479627711275e-05,4.644554342852911e-05,3.676158541372205e-05,1.2294959430060504e-05,1.9782961890393174e-05,5.3803860314551206e-05,9.372615454528671e-05,6.941580540246808e-05,1.1671186964529534e-05,5.518057207273366e-05,7.650911796183416e-05,1.117182878370854e-05,6.970387499712227e-06,3.921034662568788e-05,3.8788662430214966e-05,1.1953371332609573e-05,4.4925610933400285e-05,5.595533977355929e-05

0.0012315116479195546,1.705511166241273e-05,6.940093031986768e-05,2.444688526853818e-05,1.4083394044142536e-05,4.467297883175679e-05,6.945470976455982e-05,2.3238412638253326e-05,2.748015373519536e-05,1.0546080058136082e-05,2.885882205050377e-05,4.834276040927999e-05,2.867379293962963e-05,4.989229717150754e-05,7.287607041278225e-05,7.198575721949495e-06,7.980062903590953e-05,2.288147888065941e-05,4.371773089846722e-05,1.9975873795376696e-05

0.0008864126098043812,2.9321248855570305e-05,3.939548283596121e-05,7.106859620253815e-05,1.6471095598599212e-05,1.7922890155234065e-05,4.502015179694187e-05,4.675346712545124e-05,3.140814126036763e-05,1.9730654515831337e-05,2.5921535528176432e-05,4.9399373163397595e-05,4.264056143444624e-05,1.2808761069563458e-05,5.2586064766774234e-05,1.7311185786151675e-05,3.682268166953234e-05,5.086549205232394e-05,9.855373262694106e-05,4.041588413157146e-05

0.001791172977779209,7.298886949901891e-05,1.3107892372444224e-05,5.875317007573974e-05,2.339920223202978e-05,6.528558361540332e-06,3.1493278180836464e-05,3.846098515912067e-05,1.1065345490141868e-05,4.470772728383516e-05,3.464145050052569e-05,5.410076383339588e-05,3.69300246047224e-05,4.5833653347670365e-06,1.939411070472117e-05,4.2550798287566934e-05,4.413063310926511e-05,3.591359358116717e-05,5.8594680468437465e-05,5.1854018864950626e-05

0.0004776607595194702,6.96144215317391e-05,4.5869375385422674e-05,2.722813126774089e-05,5.280434859458925e-05,4.999358814564931e-05,5.7295655386293656e-05,5.518211111141025e-05,2.1535524594182004e-05,3.416549291983917e-05,2.9657888144988164e-05,2.2085302523366736e-05,1.2999454618565778e-05,4.5311788351387555e-05,3.5662538129129526e-05,5.589415707895595e-05,8.409210516019732e-05,5.530781847432758e-05,8.162933995223309e-05,1.0967777423897644e-05

0.00020093671749731132,3.125695426600581e-05,7.694121829871894e-06,5.5779993834702294e-05,5.9323504439345595e-05,5.807932705142065e-05,2.0144219332853026e-05,3.1475138227542774e-05,3.827592025655796e-05,2.4502227572664984e-05,3.838822535458573e-05,4.4838446422358146e-05,4.283206858632497e-05,2.9451900918997122e-05,2.4487768249496664e-05,2.1295037838134178e-05,4.485887371190798e-05,0.0001165631911824475,2.8207339745014412e-05,2.681006018993187e-05

0.0005471362503580775,2.335682442529615e-05,2.0775874915749462e-05,5.1981892834695935e-05,5.2415385616848395e-05,3.826870983324124e-05,5.78367989512748e-05,5.403156189212267e-05,3.825143001779809e-05,4.180618568006018e-05,3.2382748812227336e-05,6.210737150200577e-05,2.9426641428946733e-05,2.7485545450081608e-05,2.950808378010354e-05,8.873569145654194e-06,2.735736606335607e-05,1.2431223740221142e-05,3.979058633344326e-05,5.782656321038802e-05

0.0004870890823784722,3.069490723938714e-05,5.112046012173464e-05,3.3202886722723085e-05,4.9461007285472396e-05,8.457567333016351e-06,1.496942641140393e-05,2.092135628115251e-05,6.220863131838437e-05,6.024840858286084e-05,2.720476384411537e-05,3.2735511327738456e-05,4.343625127669269e-06,2.7066939662330576e-05,3.9375515824909406e-05,5.155792690546712e-05,1.1507417314567575e-05,7.16076141911392e-05,5.0778641928968525e-05,3.980394235881023e-05

0.0004886979032319614,2.9819478934113726e-05,3.0042298798295766e-05,4.485775972920464e-05,9.314535297262973e-06,2.1884911535405773e-05,7.052044406977348e-05,2.1678087771078716e-05,1.2943099585977368e-05,1.5474295736087997e-05,9.290680523598237e-06,4.8954612348773006e-05,4.575039476725039e-05,2.7842847150824878e-05,3.458968513744496e-05,6.679005864983957e-05,2.1460282610273787e-05,2.3393515993298143e-05,3.609682664346986e-05,5.711082169298199e-05

0.000518171780549796,4.713615568361239e-05,4.2076840382341354e-05,1.552998643528673e-05,3.1944873887148596e-05,7.066157731143014e-05,1.8508240362575112e-05,3.7404381910790353e-06,3.510852995493049e-05,1.6190549263191583e-05,3.8032101695082515e-05,1.2831291625899152e-05,6.722058452818967e-05,6.337967364860366e-05,6.966048688150736e-06,2.741754242356252e-05,9.038406814703253e-05,3.432266509749579e-05,1.8610802410484272e-05,3.5418290037900684e-05

0.00022826994914868464,2.4115248091963835e-05,0.00010254857041791144,2.2482968947938397e-05,3.646604342468829e-05,0.00011922134009521751,2.648669377302427e-05,9.404911713785341e-06,4.482815268423324e-05,3.039959660434986e-06,1.9785305752577487e-05,1.825632984972289e-05,3.428680207736356e-05,5.3721095785009715e-05,3.245262514171345e-05,1.9061780557322326e-05,5.122558311790592e-05,2.984408705741474e-05,2.7384857921586146e-05,6.874082049390429e-05

0.000348912987292197,4.301415199775865e-05,1.1674253483040175e-05,4.148520103688154e-05,6.13348230950049e-05,2.744164814077965e-05,0.00011655890853479605,3.984569888743356e-05,3.3009664867564584e-05,7.327875094138793e-05,3.528819379291966e-05,3.9111147522564164e-05,2.086674538649661e-05,3.191611992426344e-05,3.690219971058694e-05,2.414110633269403e-05,7.626689941555903e-06,1.1900598766546444e-05,5.055116421451874e-05,7.480571250829833e-05

0.000348912987292197,4.301415199775865e-05,1.1674253483040175e-05,4.148520103688154e-05,6.13348230950049e-05,2.744164814077965e-05,0.00011655890853479605,3.984569888743356e-05,3.3009664867564584e-05,7.327875094138793e-05,3.528819379291966e-05,3.9111147522564164e-05,2.086674538649661e-05,3.191611992426344e-05,3.690219971058694e-05,2.414110633269403e-05,7.626689941555903e-06,1.1900598766546444e-05,5.055116421451874e-05,7.480571250829833e-05

0.00047797124078009497,2.6602871738865098e-05,3.4674436734779824e-05,6.104796797830852e-05,6.494179448751748e-06,1.5755074839041788e-05,4.759693048696065e-05,2.4056993045607934e-05,4.5218104994650465e-05,3.320415485948674e-05,2.4642878649862824e-05,1.4687068325048642e-05,3.255520376350947e-05,5.967613128720535e-05,4.184725798720767e-05,9.322579308689438e-05,4.477131292505377e-05,1.7330972054250855e-05,2.7381869973943516e-05,6.137475986718107e-05

0.00022826994914868464,2.4115248091963835e-05,0.00010254857041791144,2.2482968947938397e-05,3.646604342468829e-05,0.00011922134009521751,2.648669377302427e-05,9.404911713785341e-06,4.482815268423324e-05,3.039959660434986e-06,1.9785305752577487e-05,1.825632984972289e-05,3.428680207736356e-05,5.3721095785009715e-05,3.245262514171345e-05,1.9061780557322326e-05,5.122558311790592e-05,2.984408705741474e-05,2.7384857921586146e-05,6.874082049390429e-05

0.00036704111227355344,6.916184170745663e-05,5.233072185246955e-05,2.3875789005115445e-05,6.285819202577122e-05,4.602961146131541e-05,5.7081219839513114e-05,3.182367964322404e-05,1.0464069409522941e-05,5.489076749207827e-05,5.795924187015904e-05,4.624190426906371e-05,5.8202920744916925e-05,3.514816055401309e-05,7.473200592357724e-05,3.0106348178963945e-05,3.0082326485150615e-05,4.592379813285363e-05,9.549899530802397e-06,6.450529785042945e-05

0.00036919233568406015,2.592092369800897e-05,3.3825844944859694e-05,5.7306284395879605e-05,1.861607103005437e-05,5.438715912552006e-05,4.086612516921298e-05,2.6226456038222362e-05,9.047341794814772e-05,4.445683835374129e-05,4.375416588009917e-05,3.858532455968719e-05,5.375086740346044e-05,5.304405541807705e-05,6.134464791134761e-05,5.7962822196393534e-05,1.751321043364246e-05,3.139932351768625e-05,6.607065118783739e-06,5.407310906262507e-06

0.0006683136345429889,5.108677838914863e-05,3.997893062259593e-05,2.9012679060319107e-05,1.017139721365588e-05,3.758366955410411e-05,0.00010340867882045168,4.3522063962655174e-05,9.726998393746493e-05,4.087254569757272e-05,2.040149950859115e-05,6.088972749489588e-05,7.665512813931813e-05,1.4323510979938678e-05,5.644780733937803e-05,4.629499167175637e-05,4.300767851362401e-06,1.6523279380906384e-05,4.732357349056411e-06,6.333586909120164e-05

0.00045572740133333046,6.31632380559379e-05,1.988006858021562e-05,4.613545636265235e-05,1.29709412926509e-05,7.176948109781068e-06,3.0712546571870324e-05,2.162274203197377e-05,7.564107998977894e-05,3.572601127440992e-05,5.599282457351321e-05,3.6379737159238936e-05,2.3551923184287715e-05,2.7387520332427163e-05,5.422858012509951e-05,4.69660631018467e-06,1.702809604605377e-05,9.232795059440213e-05,6.35784059666901e-05,3.487898535500304e-05
0.0006184100844635185,5.867238781103081e-05,1.248505148636354e-05,1.4839664186635935e-05,3.870114226972784e-05,9.721003824086207e-05,5.4516964669838264e-05,6.950381512073294e-05,5.780884744367792e-05,1.2620947250735229e-05,3.114769877493512e-05,4.964917606948909e-05,3.2749606350174424e-05,8.914167536053637e-06,5.0656041069929844e-05,5.631961752921392e-05,4.0969543999850104e-05,4.757530803129472e-05,3.304269070147536e-05,4.034050694327246e-05
0.0012225505870987656,9.865047950239146e-05,3.950638110885654e-05,5.621180545767512e-05,3.5639112772145784e-05,1.879076949078703e-05,4.096972596408356e-05,9.175331605451749e-05,5.263609938643982e-05,3.7554603501176265e-05,4.9560882640430464e-05,4.67432146210048e-05,4.910537185615138e-05,4.2464425112081644e-05,2.914797721090863e-05,1.976707656910088e-05,2.0982238953532962e-05,2.4333874246221236e-05,5.4409566915248524e-05,2.3951628777907415e-05
0.001554410266670266,1.2846375610677595e-05,4.422311434914123e-05,3.053743683960745e-05,4.420280153934901e-05,3.915233469209e-05,4.33373478020878e-05,3.335245441235889e-05,7.701005133466557e-05,2.7278667643213723e-05,3.959060973149867e-05,2.385388400211675e-05,7.795427183649203e-06,9.561552793159414e-06,1.4109949530839494e-05,5.604861462841394e-05,5.751105199236313e-05,5.5793738716372326e-05,5.47663841394187e-05,4.222385721056926e-05
0.0012372107790261455,5.0000656907796486e-05,2.5255819243801224e-05,7.198416822693682e-05,5.861506164600645e-05,2.7952463766516312e-05,2.6196450834640166e-05,5.0644005768762365e-05,5.6984105294395777e-05,3.082948657330718e-05,1.388261017981378e-05,4.1730590544591596e-05,3.4354782328014806e-05,0.0001302885512674311,6.145321360866657e-05,7.3060089104849e-05,6.600964628399462e-05,3.063018923333302e-05,8.92240767735293e-05,7.107215848864639e-05
0.0011188915808926345,1.9945939314189872e-05,1.1894356186254914e-05,2.7630282980259984e-05,4.83124021151589e-05,2.4172566247192383e-05,2.040455506141316e-05,5.2227386195724265e-05,1.3731708467353791e-05,2.756890152290995e-05,8.875388708690298e-07,7.317661427173424e-06,5.4037487065800816e-05,3.527913466825059e-05,5.927709439262699e-05,4.213835553993761e-05,3.935970269147823e-05,2.3627959400237504e-05,4.794292344135389e-05,2.7959021334043955e-05
0.000607666891169735,1.5576776226694383e-05,3.1793915516031325e-05,7.163348075361542e-05,3.299878872739659e-05,8.459967551630661e-05,1.958131596314838e-05,4.334545597076273e-05,2.9663917665041263e-05,4.41171046648369e-05,2.2475588862550014e-05,6.76591073356156e-05,5.5635382785520056e-05,8.170149448619639e-06,7.190154607102946e-05,3.879284524430728e-05,7.426225770900895e-05,4.1687675535862935e-06,5.489752182738016e-05,3.283842625325701e-05
0.0009173930538127253,3.494216271832627e-06,3.805547460249197e-05,2.224010700914643e-05,5.2499861802208006e-05,2.0462215184818506e-05,4.913242360117073e-05,4.056598883387231e-05,2.7819430121032133e-05,3.9774207716669754e-05,1.6743487931725323e-05,8.274056104240234e-05,3.5969637572711586e-05,5.199208083884719e-05,2.6099447705029562e-05,2.675413960936012e-05,2.3528707230078644e-05,3.922399087826349e-05,3.50439442156847e-05,2.9992781433975782e-05
0.0012773806411011343,3.53627229015093e-05,2.8791619605627266e-05,4.074174511115235e-05,5.2176216733242745e-05,1.5241190036198402e-05,2.925108828626555e-05,3.249541538154764e-05,4.050376269398984e-05,1.6008273523809596e-05,4.240367706483484e-05,2.2366169194640495e-05,1.4329253364970925e-05,4.4290596689429974e-05,3.1997719783148413e-05,5.455457306235925e-05,1.1022433501313824e-05,8.390729946697966e-05,1.1489721753540561e-05,2.2069752325164732e-05
0.0015244737507865605,3.6317751622286726e-05,4.336133782280902e-05,3.9768299280519606e-05,4.9487413205663684e-05,6.101023694744155e-05,7.100926834172931e-05,2.2211849016788054e-05,4.692203790777385e-05,5.2602123822778164e-05,9.506896963914413e-05,3.33216899454535e-06,6.443965425865104e-05,8.05368400159705e-06,6.894020803338616e-05,2.7624419736179694e-05,4.645656327353227e-05,1.865632597327739e-05,5.867137661033461e-05,3.044979047206684e-05
0.0015857112184501064,2.2054218045325877e-05,3.5078948296331216e-05,2.255194203024966e-05,4.39900073810139e-06,2.0457548277782124e-05,7.584699606829721e-05,4.609219239949888e-05,6.098178407066248e-05,3.731999159931272e-05,3.3832408363021116e-05,2.765836036722821e-05,3.483184145055749e-05,2.8133133052514657e-05,2.6895288057749866e-05,2.862161828764378e-05,3.54140831228721e-05,2.518132393294863e-05,5.4728043218898677e-05,3.4692044111061225e-05
0.0031634559583120247,5.31565991032647e-05,6.248974821918984e-05,2.5681697640603642e-05,3.755641730951228e-05,0.00010280513618065873,4.6011848883143144e-05,3.654863706093216e-05,8.491807960266824e-05,6.833071275418769e-05,3.917439067189074e-05,4.445354305779481e-05,5.6927166606483105e-05,2.4250050639641013e-05,5.043877916258496e-05,4.164894380890758e-05,5.070695374612404e-05,1.679013007500325e-05,5.4584223828891115e-05,5.6814854743820795e-05
0.003841098440581433,5.291312643716589e-05,1.59892596654024e-05,3.198147985327164e-05,3.0508101451881116e-05,3.313838236359848e-05,2.2174953792433625e-05,3.46355871312578e-05,4.346751245565159e-05,3.486350714362618e-05,2.4685562851244238e-05,5.919388149606264e-05,2.1066004040697943e-05,2.6960930415739813e-05,3.316509411771864e-05,4.02636366502747e-05,2.895781959391873e-05,2.8328415186869843e-05,1.892131678731835e-05,4.628796549018629e-05
0.0030614081568058377,4.835546538732242e-05,1.1801330802287463e-05,5.174919566259848e-05,1.5082033626201711e-05,2.1545152894554196e-05,4.831893360271682e-05,2.586028793648596e-05,2.1894668370595933e-05,3.618156822707431e-05,3.081092280995422e-05,5.677732883708781e-05,1.6373514259710364e-05,3.695939306422301e-05,1.9848482509312287e-05,5.473526094959473e-05,5.022258344519802e-05,1.643772885387414e-05,1.0945373255346186e-05,3.7947477527910695e-05
0.0032252353427056095,6.439667600478572e-05,2.329521914066783e-05,1.7826701199530387e-05,2.2430651887965914e-05,4.7256044951446356e-05,2.7174257873725192e-05,7.086196891626685e-05,4.916154596086448e-05,4.631822972779574e-06,4.066237451425837e-05,4.3830298111372866e-05,5.32513594211784e-05,2.215048598061872e-05,1.0861895397584487e-05,1.8327934170431314e-05,4.498805986677464e-05,3.7120491480399154e-05,9.065374449217212e-05,2.019448634179156e-05
0.0038154399895480944,5.362421319941826e-06,4.15678654012689e-05,0.0001143920840993308,5.318282923616655e-05,4.98471053476474e-05,5.3299624831495184e-05,3.8126218139147086e-05,3.127958951050255e-05,2.7646093555696155e-05,2.140328124757256e-05,2.4705130787396316e-05,4.8696764411664984e-05,3.183001396744991e-05,2.4894317381761645e-05,3.309472082703733e-05,7.470095986683336e-05,5.745961192925002e-05,4.397426550463144e-05,1.0441089309786102e-05
0.0032252353427056095,6.439667600478572e-05,2.329521914066783e-05,1.7826701199530387e-05,2.2430651887965914e-05,4.7256044951446356e-05,2.7174257873725192e-05,7.086196891626685e-05,4.916154596086448e-05,4.631822972779574e-06,4.066237451425837e-05,4.3830298111372866e-05,5.32513594211784e-05,2.215048598061872e-05,1.0861895397584487e-05,1.8327934170431314e-05,4.498805986677464e-05,3.7120491480399154e-05,9.065374449217212e-05,2.019448634179156e-05
0.005062984230285146,3.0482139455821644e-05,2.1569413272847492e-05,1.4513499256421547e-05,1.3086897162944579e-05,4.664021710823074e-06,9.722724009208876e-06,2.8533560711959986e-05,1.9329470926203287e-05,4.137996826066536e-05,3.0215461596479957e-05,2.050046465446246e-05,9.218533644399709e-05,4.856221974049961e-05,2.337955776060547e-05,2.6059175065426574e-05,1.8013734776376857e-05,3.7668253866843995e-05,3.522624098658321e-05,4.201958208397528e-05
0.0038154399895480944,5.362421319941826e-06,4.15678654012689e-05,0.0001143920840993308,5.318282923616655e-05,4.98471053476474e-05,5.3299624831495184e-05,3.8126218139147086e-05,3.127958951050255e-05,2.7646093555696155e-05,2.140328124757256e-05,2.4705130787396316e-05,4.8696764411664984e-05,3.183001396744991e-05,2.4894317381761645e-05,3.309472082703733e-05,7.470095986683336e-05,5.745961192925002e-05,4.397426550463144e-05,1.0441089309786102e-05
0.005078090900454553,4.5019586618222514e-05,3.425139285679466e-05,3.818620525529813e-05,8.896052064666307e-05,3.985233338117486e-05,3.904739621105413e-05,2.7787427010348508e-05,5.333841528724217e-05,1.1623584125733623e-05,3.536284606848959e-06,2.0125906463860327e-05,1.6020338363067497e-05,5.102526785620749e-05,4.1184962311881376e-05,3.864791993599721e-06,8.179150959178463e-05,9.971967132907823e-06,7.897460220204926e-05,4.591319514309113e-05
0.0026135710645555613,3.3007125633601014e-05,4.075271009968061e-05,0.00013128634511474209,1.885978862494712e-05,1.0185147860300751e-05,3.845353514137233e-06,4.0393656290766243e-05,2.1255226310274715e-05,2.4279731630359113e-05,4.388653990500978e-05,4.0938498671563705e-05,9.04165429928238e-06,9.455196385245233e-06,4.4528627697248445e-05,2.4624382128953253e-05,5.85927444664742e-05,2.3151026959174045e-05,7.137586075635847e-05,4.09690229514008e-05
0.005062984230285146,3.0482139455821644e-05,2.1569413272847492e-05,1.4513499256421547e-05,1.3086897162944579e-05,4.664021710823074e-06,9.722724009208876e-06,2.8533560711959986e-05,1.9329470926203287e-05,4.137996826066536e-05,3.0215461596479957e-05,2.050046465446246e-05,9.218533644399709e-05,4.856221974049961e-05,2.337955776060547e-05,2.6059175065426574e-05,1.8013734776376857e-05,3.7668253866843995e-05,3.522624098658321e-05,4.201958208397528e-05
0.005078090900454553,4.5019586618222514e-05,3.425139285679466e-05,3.818620525529813e-05,8.896052064666307e-05,3.985233338117486e-05,3.904739621105413e-05,2.7787427010348508e-05,5.333841528724217e-05,1.1623584125733623e-05,3.536284606848959e-06,2.0125906463860327e-05,1.6020338363067497e-05,5.102526785620749e-05,4.1184962311881376e-05,3.864791993599721e-06,8.179150959178463e-05,9.971967132907823e-06,7.897460220204926e-05,4.591319514309113e-05
0.0009835332504926104,4.245649960717712e-05,3.756012257416398e-05,8.688285039243673e-05,3.061792700699757e-05,4.578658962914076e-05,4.870475602448293e-05,5.9062669482676204e-05,6.577598964672544e-05,5.202911045224385e-06,3.414493426347422e-05,6.490737745864903e-05,4.371065797759673e-06,2.6954478641600844e-05,4.271056643479085e-05,2.157948076977081e-05,5.960189535515968e-05,3.359362700265026e-05,3.935955082093592e-05,2.7042014714778495e-05
7.436497041498668e-05,3.4497308217264596e-05,0.0001037591239419342,1.8273149309484047e-05,1.904903883021885e-05,4.4837593522309856e-05,6.778099316823651e-06,1.4691536071791894e-05,6.909793939831312e-05,1.798554413900803e-05,4.430741548376582e-05,5.341386848391031e-05,0.0001811186824778085,2.7921556363924593e-06,0.00011050392020225289,6.198278451405122e-06,4.580798698084358e-05,1.8089926912661035e-05,2.143054698970741e-05,9.247070685312876e-06
0.0026135710645555613,3.3007125633601014e-05,4.075271009968061e-05,0.00013128634511474209,1.885978862494712e-05,1.0185147860300751e-05,3.845353514137233e-06,4.0393656290766243e-05,2.1255226310274715e-05,2.4279731630359113e-05,4.388653990500978e-05,4.0938498671563705e-05,9.04165429928238e-06,9.455196385245233e-06,4.4528627697248445e-05,2.4624382128953253e-05,5.85927444664742e-05,2.3151026959174045e-05,7.137586075635847e-05,4.09690229514008e-05
0.0012707065908340873,6.357762271883975e-05,4.912567062490123e-05,5.1700097379214355e-05,1.0229562198823285e-05,1.4866812662827929e-05,1.316824424503079e-05,8.831709999248959e-05,4.559052397061905e-05,9.279510965518872e-05,1.6198609666962287e-05,3.387444164278726e-05,3.753241146502812e-05,4.100899383237964e-05,5.69952827956864e-05,7.788154582475625e-05,2.0232170462707316e-05,7.364089963500877e-05,3.758429533534637e-05,4.189809086276286e-05
0.0031783945486641347,2.803651637000694e-05,0.00019555628513631083,6.449166896336624e-05,2.353843303625702e-05,4.5232920928273104e-05,1.4627388291884323e-05,6.317657899055796e-06,7.037645742611903e-05,4.42075841064147e-05,6.783925792161514e-05,4.219131337255727e-05,3.208051146034215e-05,2.853094336232899e-05,2.9946263576777677e-05,7.507825885643721e-05,4.8680624059285945e-05,2.475130992172987e-06,1.3483867524049773e-05,2.0343322633384752e-05
0.003930932880821993,5.779725662533662e-05,6.332980528200104e-05,5.217975581106987e-05,2.0261779178508035e-05,1.8659420109804014e-06,6.86107908885932e-05,4.383477629477222e-05,7.925534661299764e-06,1.3617516908325412e-05,3.3593603025780035e-05,3.061841614136567e-05,3.470481238008762e-05,1.8247263001685852e-05,7.493786088705139e-06,3.881656135669995e-05,4.137031817716023e-05,4.118342547099946e-05,2.948390217023783e-05,4.93328480259282e-06
0.0033995279779158454,7.153445863436699e-05,0.0003877700628294813,4.232214817895008e-05,8.641904303496344e-05,5.0711707220723915e-05,2.3081054534444744e-05,5.753656093185265e-05,2.832603898857696e-05,3.745476727629833e-05,3.451076666013106e-05,3.4308939398601324e-05,3.8464726022703135e-05,3.445068930418284e-05,1.9011846676660238e-05,3.074421825584439e-05,6.170418592681927e-05,2.97810981770938e-05,3.046479657476254e-05,1.3545157336057412e-05
0.003930932880821993,5.779725662533662e-05,6.332980528200104e-05,5.217975581106987e-05,2.0261779178508035e-05,1.8659420109804014e-06,6.86107908885932e-05,4.383477629477222e-05,7.925534661299764e-06,1.3617516908325412e-05,3.3593603025780035e-05,3.061841614136567e-05,3.470481238008762e-05,1.8247263001685852e-05,7.493786088705139e-06,3.881656135669995e-05,4.137031817716023e-05,4.118342547099946e-05,2.948390217023783e-05,4.93328480259282e-06
0.0026479742372872627,3.5749834295089495e-05,7.911415216699442e-05,1.3894288366023386e-05,3.8827742990661304e-05,4.355688870437781e-05,2.583806086343323e-05,3.707630263187226e-05,1.3496113499756183e-05,7.239129751125599e-06,1.0724132663666811e-05,5.953464876783932e-05,6.852427916652163e-05,3.4873437282826136e-05,7.570388107183202e-05,2.3991820370674934e-05,3.205444549175599e-05,5.3258247311742554e-05,1.7478748357529596e-05,0.00010451889203066242
7.689598233540389e-05,3.748448925826245e-05,3.0433276920015203e-05,1.659662081663975e-05,4.4787129990532095e-05,2.516187574580577e-05,2.248610163095364e-05,3.0032894822866777e-05,1.934920404965885e-05,6.429586299813086e-05,6.367871762169146e-05,0.00010068616701040712,4.4818237117376166e-05,3.358418203967969e-05,8.331863824232206e-05,2.7088686694544688e-05,5.018934774187223e-05,4.5477327437598044e-05,2.4153287154685603e-05,5.8487113668375525e-05
0.00011640066428679016,6.547614161146903e-05,4.028415569879263e-05,3.742934671954382e-05,2.9554379746111654e-05,0.00010845720695306823,4.1301102206175425e-05,0.00011576723288296235,0.00011063643748599252,4.277352413631799e-05,3.116184737368711e-05,3.980189702820328e-05,8.055156387070627e-05,8.912005752434743e-05,0.0001465171780845108,0.00011482260184334176,0.0001087318930346364,0.00011080978707236142,0.00019020662844415303,0.00013189612427471603
3.8457480990998835e-05,0.00022935453642042875,0.00011351285670685932,7.404815225062741e-05,0.00017443352925880146,0.0001833238563272239,3.486965085459515e-05,0.00014963662532101272,0.0001847652075407966,0.0001160290032278221,7.077674486862555e-05,0.0001751067843001334,0.00013379690951715372,0.00010389232716392552,9.230257894952073e-05,0.00013424405280312412,4.490530019557319e-05,6.839001677592788e-05,0.00011631251395584915,3.4230441323082485e-05
1.1786971244836001e-05,8.654078972390372e-05,4.273984408134076e-05,4.405558994900284e-05,1.7993381974500932e-06,6.648003561658046e-05,5.484476538694109e-05,7.479829547150501e-05,2.7572735978640373e-05,0.00011322127514159675,4.91511400196148e-05,2.5429889947377253e-05,2.8975715389609472e-05,4.0341788781120605e-05,1.4087001759664254e-05,3.398148896494785e-05,4.938797736777395e-05,7.671838478933076e-05,8.416002506117261e-05,1.3757875343917937e-05
7.689598233540389e-05,3.748448925826245e-05,3.0433276920015203e-05,1.659662081663975e-05,4.4787129990532095e-05,2.516187574580577e-05,2.248610163095364e-05,3.0032894822866777e-05,1.934920404965885e-05,6.429586299813086e-05,6.367871762169146e-05,0.00010068616701040712,4.4818237117376166e-05,3.358418203967969e-05,8.331863824232206e-05,2.7088686694544688e-05,5.018934774187223e-05,4.5477327437598044e-05,2.4153287154685603e-05,5.8487113668375525e-05
0.00010453767575956035,9.383029639237126e-05,5.2427416853329684e-05,3.662868906435716e-05,5.962262584330864e-05,0.0002264935586721821,9.085557884602409e-05,6.378377462476087e-05,6.125509452594758e-05,6.867368767975563e-05,7.204978367148747e-05,7.719905438007753e-05,0.0001234328506827554,0.00016965176738808777,0.0002707013963704626,8.880036326665488e-05,0.00015372099604915143,6.527287771962298e-05,8.480846837872414e-05,8.298888437363879e-05
8.380829376872271e-05,1.369069946184668e-05,8.069711061800127e-05,6.008200669885188e-05,3.6371459328618775e-05,0.00010096890547873737,4.0925250594136633e-05,3.283130945656156e-05,9.81917783712188e-05,2.5425114602205016e-05,0.0001128663128126684,4.706935963129621e-05,3.3856252721300934e-05,0.00010337877248615901,8.275885761124571e-05,0.0001142236593229267,0.00010945229246503337,0.0001094316521552821,8.53622161838462e-05,5.661460372773647e-05
1.1786971244836001e-05,8.654078972390372e-05,4.273984408134076e-05,4.405558994900284e-05,1.7993381974500932e-06,6.648003561658046e-05,5.484476538694109e-05,7.479829547150501e-05,2.7572735978640373e-05,0.00011322127514159675,4.91511400196148e-05,2.5429889947377253e-05,2.8975715389609472e-05,4.0341788781120605e-05,1.4087001759664254e-05,3.398148896494785e-05,4.938797736777395e-05,7.671838478933076e-05,8.416002506117261e-05,1.3757875343917937e-05
0.00020117320382265373,0.00016937260271273884,9.081668656252171e-05,6.282726418141702e-05,0.00011733125869050709,8.437020899004958e-05,6.021938498489334e-05,0.0001556345806160553,0.00012245017789615982,0.00011482946225807055,7.500532265051155e-05,0.00012569195148802776,0.00015339174581053414,6.481244023181449e-05,2.3591582030592093e-05,0.00010953536130768217,8.515331692059682e-05,4.342453056704647e-05,0.00014692984221958605,2.4965479102079318e-05
0.00011749688781825831,4.678820415366802e-05,2.541366006595645e-05,5.3755103172531116e-05,5.64558077537413e-05,2.7919232722509867e-05,8.29026317403327e-05,4.6884328886180104e-05,4.7003561720879375e-05,2.9303682576436823e-05,5.710367384074961e-05,0.00010759265595997125,2.8004499420191022e-05,1.912711388063892e-05,9.183097869974708e-06,2.8514023597425085e-05,6.0716284871293146e-05,3.538177437137483e-05,6.817955011054268e-05,1.9525445036513077e-05
8.380829376872271e-05,1.369069946184668e-05,8.069711061800127e-05,6.008200669885188e-05,3.6371459328618775e-05,0.00010096890547873737,4.0925250594136633e-05,3.283130945656156e-05,9.81917783712188e-05,2.5425114602205016e-05,0.0001128663128126684,4.706935963129621e-05,3.3856252721300934e-05,0.00010337877248615901,8.275885761124571e-05,0.0001142236593229267,0.00010945229246503337,0.0001094316521552821,8.53622161838462e-05,5.661460372773647e-05
0.00010453767575956035,9.383029639237126e-05,5.2427416853329684e-05,3.662868906435716e-05,5.962262584330864e-05,0.0002264935586721821,9.085557884602409e-05,6.378377462476087e-05,6.125509452594758e-05,6.867368767975563e-05,7.204978367148747e-05,7.719905438007753e-05,0.0001234328506827554,0.00016965176738808777,0.0002707013963704626,8.880036326665488e-05,0.00015372099604915143,6.527287771962298e-05,8.480846837872414e-05,8.298888437363879e-05
8.326852783273178e-05,5.473926835740066e-05,8.867445766601493e-06,4.0538341574754786e-05,4.535537461051031e-05,0.00011591842824533467,9.445151356348432e-05,2.430380928686046e-05,5.543089276173798e-05,5.9485128136171674e-05,1.0546017154243678e-05,5.997222759963381e-05,7.58085474869043e-05,5.1219576388026804e-05,3.223917651942462e-06,4.095106811299872e-05,1.042948453685302e-05,2.6473615866377914e-05,4.64984206936432e-05,5.869369843266664e-05
0.0001015732364194278,5.1888260539042464e-05,0.0001342590075143972,9.748745418488727e-05,4.647443066901977e-05,2.216304616977634e-05,3.4425823868723775e-05,3.144695000431026e-05,4.550834112144783e-05,5.430757929397168e-05,7.479682092271648e-05,7.14867212877625e-05,0.00010972289315364328,0.0001981040999697101,7.670987866780975e-05,0.0001020780149828023,0.00011901379869880668,6.186842528487256e-05,9.963824753769929e-05,2.849530793682891e-05
0.00011970077786910364,0.00016195752164431616,7.946315253156433e-05,4.7180654343993444e-05,3.036955173578976e-05,5.848178426256918e-05,4.278545675252794e-05,8.031381978964416e-05,4.330693057334035e-05,5.157552303751446e-05,3.34629687758818e-05,2.3661191885363585e-05,7.769554782208625e-05,3.8556923871311717e-05,2.227527087850134e-05,9.84427640754803e-05,0.000140468781649659,9.131036457152768e-05,7.067712693566097e-05,6.708952193941696e-05
0.00020117320382265373,0.00016937260271273884,9.081668656252171e-05,6.282726418141702e-05,0.00011733125869050709,8.437020899004958e-05,6.021938498489334e-05,0.0001556345806160553,0.00012245017789615982,0.00011482946225807055,7.500532265051155e-05,0.00012569195148802776,0.00015339174581053414,6.481244023181449e-05,2.3591582030592093e-05,0.00010953536130768217,8.515331692059682e-05,4.342453056704647e-05,0.00014692984221958605,2.4965479102079318e-05
0.00011749688781825831,4.678820415366802e-05,2.541366006595645e-05,5.3755103172531116e-05,5.64558077537413e-05,2.7919232722509867e-05,8.29026317403327e-05,4.6884328886180104e-05,4.7003561720879375e-05,2.9303682576436823e-05,5.710367384074961e-05,0.00010759265595997125,2.8004499420191022e-05,1.912711388063892e-05,9.183097869974708e-06,2.8514023597425085e-05,6.0716284871293146e-05,3.538177437137483e-05,6.817955011054268e-05,1.9525445036513077e-05
3.425693455384146e-05,5.12337537915923e-05,7.809222422424658e-05,0.00010251221686038273,3.622806331152963e-05,4.92641513086251e-05,9.831726590333623e-05,0.00011547705408139566,6.15875408383044e-05,8.506630434929317e-05,7.300090802772277e-05,7.269413323025873e-05,8.298077963451047e-05,0.00019205731531509801,0.00011772688899875551,0.0001600397104626801,6.64482200269482e-05,0.00022868715191931983,0.0001944092027945061,5.532126532219716e-05
0.00012033375317495714,0.0001222635464192849,0.00013749795828177998,0.00012056834192419428,0.00016566161544407398,0.00020677539127840253,9.228485124618813e-05,0.00023816048766886716,0.0001894063817477634,7.592584096716566e-05,0.00014090827182126222,0.0001874329162902212,0.00029695791002598375,0.00013681587641717945,4.076186935603923e-05,0.0002302247703330773,0.00026440369934892585,0.00019423871740645527,0.00021134825023632738,6.738297979405062e-05
0.00011970077786910364,0.00016195752164431616,7.946315253156433e-05,4.7180654343993444e-05,3.036955173578976e-05,5.848178426256918e-05,4.278545675252794e-05,8.031381978964416e-05,4.330693057334035e-05,5.157552303751446e-05,3.34629687758818e-05,2.3661191885363585e-05,7.769554782208625e-05,3.8556923871311717e-05,2.227527087850134e-05,9.84427640754803e-05,0.000140468781649659,9.131036457152768e-05,7.067712693566097e-05,6.708952193941696e-05
8.326852783273178e-05,5.473926835740066e-05,8.867445766601493e-06,4.0538341574754786e-05,4.535537461051031e-05,0.00011591842824533467,9.445151356348432e-05,2.430380928686046e-05,5.543089276173798e-05,5.9485128136171674e-05,1.0546017154243678e-05,5.997222759963381e-05,7.58085474869043e-05,5.1219576388026804e-05,3.223917651942462e-06,4.095106811299872e-05,1.042948453685302e-05,2.6473615866377914e-05,4.64984206936432e-05,5.869369843266664e-05
0.0001015732364194278,5.1888260539042464e-05,0.0001342590075143972,9.748745418488727e-05,4.647443066901977e-05,2.216304616977634e-05,3.4425823868723775e-05,3.144695000431026e-05,4.550834112144783e-05,5.430757929397168e-05,7.479682092271648e-05,7.14867212877625e-05,0.00010972289315364328,0.0001981040999697101,7.670987866780975e-05,0.0001020780149828023,0.00011901379869880668,6.186842528487256e-05,9.963824753769929e-05,2.849530793682891e-05
3.425693455384146e-05,5.12337537915923e-05,7.809222422424658e-05,0.00010251221686038273,3.622806331152963e-05,4.92641513086251e-05,9.831726590333623e-05,0.00011547705408139566,6.15875408383044e-05,8.506630434929317e-05,7.300090802772277e-05,7.269413323025873e-05,8.298077963451047e-05,0.00019205731531509801,0.00011772688899875551,0.0001600397104626801,6.64482200269482e-05,0.00022868715191931983,0.0001944092027945061,5.532126532219716e-05
0.00015337975592243463,8.672789663325005e-05,0.0001396362609220188,9.024711786858688e-05,0.00015125428338915023,0.00017365186782017936,9.544829764982163e-05,6.361971696301732e-05,5.5380410458980344e-05,0.00011230728421567223,0.0001323879825449067,0.00015416259133976666,3.3905907329253656e-05,7.759907300293112e-05,6.0203606901736196e-05,5.257682432330441e-05,3.966235172750422e-05,1.3351982738159023e-05,7.101410743550387e-05,7.498560506586476e-05
0.00012033375317495714,0.0001222635464192849,0.00013749795828177998,0.00012056834192419428,0.00016566161544407398,0.00020677539127840253,9.228485124618813e-05,0.00023816048766886716,0.0001894063817477634,7.592584096716566e-05,0.00014090827182126222,0.0001874329162902212,0.00029695791002598375,0.00013681587641717945,4.076186935603923e-05,0.0002302247703330773,0.00026440369934892585,0.00019423871740645527,0.00021134825023632738,6.738297979405062e-05
4.5936135360803406e-05,0.00010517929011491698,2.871021383931586e-05,3.6213824937690864e-05,2.474405461373451e-05,6.234252719974525e-05,2.7193765134194364e-05,1.3354530958286021e-05,2.2959471616759068e-05,2.8084689638913468e-05,2.0117162643422046e-05,1.937502654048925e-05,5.2297308902409156e-05,8.408596627653011e-05,7.368505171171154e-05,2.0752860104455645e-05,2.5348892626090775e-05,5.217219625036182e-05,5.997978687454356e-05,2.1938666959116586e-05
1.894621207397269e-05,3.032649221273994e-05,5.264466171881475e-05,8.152400417734382e-05,5.7059924976652886e-05,4.0073032562648345e-05,4.0504694875739926e-05,1.3506396727981136e-05,4.3782456156565335e-05,4.527603558459726e-05,4.7702613625943675e-05,6.4048004384871974e-06,6.205105844747599e-05,2.198975943409849e-05,5.615642233026004e-05,3.6054248608460584e-05,1.6671264339253713e-05,4.347108296394755e-05,2.3531322298862012e-05,2.350374023789556e-05
0.00015337975592243463,8.672789663325005e-05,0.0001396362609220188,9.024711786858688e-05,0.00015125428338915023,0.00017365186782017936,9.544829764982163e-05,6.361971696301732e-05,5.5380410458980344e-05,0.00011230728421567223,0.0001323879825449067,0.00015416259133976666,3.3905907329253656e-05,7.759907300293112e-05,6.0203606901736196e-05,5.257682432330441e-05,3.966235172750422e-05,1.3351982738159023e-05,7.101410743550387e-05,7.498560506586476e-05
0.00011009836321903165,5.1878011690031884e-05,4.099527140170714e-05,0.00011544449166159603,4.957250252940178e-05,9.37603215854849e-05,0.00012398516639688841,9.247187969016529e-05,4.005026138925141e-05,0.0001398010481610322,5.72093199108885e-05,3.279532111152959e-05,8.908682045950836e-05,7.026615060893303e-05,4.802782220803742e-05,4.713692151831577e-05,2.8399472787429344e-05,5.678858030039384e-05,5.328919624237943e-05,6.216428089737862e-05
1.8776881343109663e-05,1.2443353041350497e-05,1.294025202277327e-05,1.9462296439969083e-05,2.5683942853273515e-05,3.7925582345450345e-05,2.6098436125899805e-05,3.707794608329629e-05,2.369363711207852e-05,3.7343294141758095e-05,1.6223910040238432e-05,2.42924169432034e-05,5.423522862894135e-05,5.794855027704186e-05,4.055921924178967e-05,1.0172052756317891e-05,2.3574886790222043e-05,3.68093760626373e-05,2.9109113089049e-05,2.9305996407483532e-05
4.5936135360803406e-05,0.00010517929011491698,2.871021383931586e-05,3.6213824937690864e-05,2.474405461373451e-05,6.234252719974525e-05,2.7193765134194364e-05,1.3354530958286021e-05,2.2959471616759068e-05,2.8084689638913468e-05,2.0117162643422046e-05,1.937502654048925e-05,5.2297308902409156e-05,8.408596627653011e-05,7.368505171171154e-05,2.0752860104455645e-05,2.5348892626090775e-05,5.217219625036182e-05,5.997978687454356e-05,2.1938666959116586e-05
0.00025884454018006934,6.282980711907451e-05,8.85599637185821e-05,6.291688925359783e-05,3.487963295546714e-05,7.403832643042852e-06,3.388702054257425e-05,6.216688251304436e-05,1.877604467627114e-05,6.896062093764436e-05,4.666184702667891e-05,5.1139718946012396e-05,7.744387521557894e-06,5.1304770268406074e-05,6.680714734625956e-05,7.267656321064169e-05,2.6034700160910764e-05,5.1036441612362303e-05,6.974583514649636e-05,5.7568850357927115e-05
1.894621207397269e-05,3.032649221273994e-05,5.264466171881475e-05,8.152400417734382e-05,5.7059924976652886e-05,4.0073032562648345e-05,4.0504694875739926e-05,1.3506396727981136e-05,4.3782456156565335e-05,4.527603558459726e-05,4.7702613625943675e-05,6.4048004384871974e-06,6.205105844747599e-05,2.198975943409849e-05,5.615642233026004e-05,3.6054248608460584e-05,1.6671264339253713e-05,4.347108296394755e-05,2.3531322298862012e-05,2.350374023789556e-05
9.090946412672918e-05,3.536319346794048e-05,2.7713346272543293e-05,3.128648236900133e-05,4.46984647612843e-05,3.962404450987865e-05,2.5146066388110686e-05,1.795480315184815e-05,8.483015756659306e-05,2.4799427053284497e-05,4.915130078412476e-05,3.691108898807186e-05,2.7975553001680725e-05,2.3940110649691816e-05,2.009357496636971e-05,5.2516227218121464e-05,3.203880167517761e-05,9.191651123554207e-06,3.059585249341765e-05,1.8187947845591166e-05
0.00011009836321903165,5.1878011690031884e-05,4.099527140170714e-05,0.00011544449166159603,4.957250252940178e-05,9.37603215854849e-05,0.00012398516639688841,9.247187969016529e-05,4.005026138925141e-05,0.0001398010481610322,5.72093199108885e-05,3.279532111152959e-05,8.908682045950836e-05,7.026615060893303e-05,4.802782220803742e-05,4.713692151831577e-05,2.8399472787429344e-05,5.678858030039384e-05,5.328919624237943e-05,6.216428089737862e-05
4.3130403779889504e-05,2.1592631088199432e-05,2.0727753054021715e-05,4.435454661715798e-06,1.760967447013543e-05,2.2412821896248642e-05,7.496972787044011e-06,3.200056458134758e-05,4.578473510673719e-05,1.3686752740189991e-05,3.6791253328851807e-05,2.2354095065117487e-05,2.503303208122933e-05,4.398148468949635e-05,3.3142015352400146e-05,2.3793296000318935e-05,5.3830134308060195e-05,2.9318722634273343e-05,2.330538680613785e-05,2.856761266111595e-05
1.8776881343109663e-05,1.2443353041350497e-05,1.294025202277327e-05,1.9462296439969083e-05,2.5683942853273515e-05,3.7925582345450345e-05,2.6098436125899805e-05,3.707794608329629e-05,2.369363711207852e-05,3.7343294141758095e-05,1.6223910040238432e-05,2.42924169432034e-05,5.423522862894135e-05,5.794855027704186e-05,4.055921924178967e-05,1.0172052756317891e-05,2.3574886790222043e-05,3.68093760626373e-05,2.9109113089049e-05,2.9305996407483532e-05
6.135690034214003e-05,1.4621344412822812e-05,2.9641969153921252e-05,4.1520276669322715e-05,4.144104994419799e-05,6.031671632728269e-05,4.880783800133979e-05,4.965226326559693e-05,3.059772873031102e-05,0.00022135599259808295,0.00018664609385929268,0.00015976656434043277,9.702950540430216e-05,1.619077146451263e-05,1.7742896551017495e-05,6.748818637502571e-05,5.490425323039455e-05,6.598768194378039e-05,7.364785370604454e-06,9.502083853655238e-05
0.00025884454018006934,6.282980711907451e-05,8.85599637185821e-05,6.291688925359783e-05,3.487963295546714e-05,7.403832643042852e-06,3.388702054257425e-05,6.216688251304436e-05,1.877604467627114e-05,6.896062093764436e-05,4.666184702667891e-05,5.1139718946012396e-05,7.744387521557894e-06,5.1304770268406074e-05,6.680714734625956e-05,7.267656321064169e-05,2.6034700160910764e-05,5.1036441612362303e-05,6.974583514649636e-05,5.7568850357927115e-05
4.3130403779889504e-05,2.1592631088199432e-05,2.0727753054021715e-05,4.435454661715798e-06,1.760967447013543e-05,2.2412821896248642e-05,7.496972787044011e-06,3.200056458134758e-05,4.578473510673719e-05,1.3686752740189991e-05,3.6791253328851807e-05,2.2354095065117487e-05,2.503303208122933e-05,4.398148468949635e-05,3.3142015352400146e-05,2.3793296000318935e-05,5.3830134308060195e-05,2.9318722634273343e-05,2.330538680613785e-05,2.856761266111595e-05
0.00010840560644173731,4.9067691868791956e-05,3.132703337946793e-05,9.026283322045492e-05,6.96078794237049e-05,4.006510194927867e-06,3.05194736030027e-05,4.6614698684578825e-05,5.977970753597901e-05,3.8862705639534266e-05,4.5265304217389704e-05,1.1718047145432717e-05,3.574289946880714e-05,3.108770621730353e-05,1.4859717956875412e-05,3.70303720765489e-05,2.4695421079855324e-05,3.213380455112962e-05,3.469247531120988e-05,5.3374608498023474e-05
1.754531499507908e-05,8.828418323860931e-05,5.8835490581670436e-05,3.940179944991215e-05,5.869692715970904e-05,5.928060605245708e-05,3.5057578790508603e-05,5.955507811255058e-05,4.634409687269716e-05,1.6263504324600754e-05,6.531358076093219e-05,5.178376114065908e-05,7.592677619482718e-05,2.0678254047434247e-05,3.817015920775772e-05,7.48070756263359e-05,3.5437192867441866e-05,6.182131985872988e-05,6.14803117109914e-05,2.390543055547379e-05
9.090946412672918e-05,3.536319346794048e-05,2.7713346272543293e-05,3.128648236900133e-05,4.46984647612843e-05,3.962404450987865e-05,2.5146066388110686e-05,1.795480315184815e-05,8.483015756659306e-05,2.4799427053284497e-05,4.915130078412476e-05,3.691108898807186e-05,2.7975553001680725e-05,2.3940110649691816e-05,2.009357496636971e-05,5.2516227218121464e-05,3.203880167517761e-05,9.191651123554207e-06,3.059585249341765e-05,1.8187947845591166e-05
8.793579624937993e-05,2.7593380349665922e-05,6.869641801857893e-05,2.9263652307921058e-05,2.8737607893350562e-05,5.2316200640785906e-05,0.00010080855354396716,2.4435371282758338e-05,1.821511734888072e-05,3.471666943658503e-05,1.363165727355518e-05,4.075687324198423e-05,5.419304921832593e-05,5.6172139715283414e-05,1.090210132083693e-05,9.645856430228612e-06,6.740118291922735e-05,3.3809265477563504e-05,6.0378345331826384e-05,4.6922387881542494e-05
6.135690034214003e-05,1.4621344412822812e-05,2.9641969153921252e-05,4.1520276669322715e-05,4.144104994419799e-05,6.031671632728269e-05,4.880783800133979e-05,4.965226326559693e-05,3.059772873031102e-05,0.00022135599259808295,0.00018664609385929268,0.00015976656434043277,9.702950540430216e-05,1.619077146451263e-05,1.7742896551017495e-05,6.748818637502571e-05,5.490425323039455e-05,6.598768194378039e-05,7.364785370604454e-06,9.502083853655238e-05
7.17719521498165e-05,4.556097953487051e-05,2.6384367706846458e-05,2.663303411852694e-05,3.770876017731646e-05,1.997064171391966e-05,2.6214546287677522e-05,1.720259054805446e-06,3.6869900804034815e-05,2.4054720132889207e-05,1.1105936869520911e-05,4.347193266998417e-05,2.5624842873522467e-05,5.4937354781953266e-05,4.891718562573483e-05,7.008734657954534e-05,8.265086589317943e-05,6.024465741262233e-05,3.2657255262409486e-05,2.7873796141260904e-05
4.7537993679932895e-05,2.1698175140858587e-05,3.4361470869947856e-05,3.120659064795606e-05,4.3828122100079573e-05,3.306833311408325e-05,3.7893453591491615e-05,4.083720690306542e-05,4.1429355384190906e-05,1.7311201176721726e-05,4.711021728934869e-05,5.773746770733797e-05,1.8605469560690402e-05,0.00010638337423882694,1.0250257235048199e-05,0.00011361840238371612,2.510808353974536e-05,7.913934739572166e-05,0.000128427941635962,0.00011438212783847848
7.664372851375837e-05,3.854008664601441e-05,3.404218474803306e-05,2.2783920050194033e-05,4.369988829746955e-05,5.906502491797629e-05,7.846131628514763e-05,3.933450104235829e-05,1.654768100296757e-05,6.283864499471161e-05,1.73609455189164e-05,4.785362668820561e-05,3.2852487061483617e-05,2.997559008554852e-05,6.860269076893411e-05,4.721590535638485e-05,2.53841711147304e-05,1.539220210222473e-05,9.026424709584578e-06,2.7836129843729453e-05
7.17719521498165e-05,4.556097953487051e-05,2.6384367706846458e-05,2.663303411852694e-05,3.770876017731646e-05,1.997064171391966e-05,2.6214546287677522e-05,1.720259054805446e-06,3.6869900804034815e-05,2.4054720132889207e-05,1.1105936869520911e-05,4.347193266998417e-05,2.5624842873522467e-05,5.4937354781953266e-05,4.891718562573483e-05,7.008734657954534e-05,8.265086589317943e-05,6.024465741262233e-05,3.2657255262409486e-05,2.7873796141260904e-05
6.151284637488962e-05,5.797039692527804e-05,2.1850945540909623e-05,4.0199589512237974e-05,1.1149837438950616e-05,2.0491281798583848e-05,5.281889012724653e-05,4.756922432493501e-05,4.1645265566344935e-05,1.4426217115728405e-05,5.0613321058400655e-05,2.4314688048585485e-05,5.2072914083675565e-05,3.657774963506453e-05,5.969946946227918e-05,1.8024053090503015e-05,4.323135555014456e-05,7.569033251469476e-05,4.875475955400484e-05,6.338323850895435e-05
4.7537993679932895e-05,2.1698175140858587e-05,3.4361470869947856e-05,3.120659064795606e-05,4.3828122100079573e-05,3.306833311408325e-05,3.7893453591491615e-05,4.083720690306542e-05,4.1429355384190906e-05,1.7311201176721726e-05,4.711021728934869e-05,5.773746770733797e-05,1.8605469560690402e-05,0.00010638337423882694,1.0250257235048199e-05,0.00011361840238371612,2.510808353974536e-05,7.913934739572166e-05,0.000128427941635962,0.00011438212783847848
0.0004347993015150617,6.59768939996137e-05,0.00011831438477299395,0.00013448777458715733,0.0003267188813963843,0.0001602749492908301,0.0001586388967718302,0.00011914609847046803,0.00028771520888698347,0.00012399708435763618,0.00021027052388832295,0.00010639147664773138,0.00015061514399804718,0.00010871768217275913,3.979320912218836e-05,5.005293353047375e-05,0.0001928866863271804,8.122855008669661e-05,7.163809035856274e-05,0.00012732862276700248
0.0001995749323892548,6.077416579919903e-05,0.0001569601316838246,0.00015560419984067883,0.00034752059160894806,0.00018952718805018243,0.00015553488527339713,4.232351864110995e-05,0.00011500619137976923,0.00012382700785086145,7.265040965296322e-05,0.00012569459813419835,0.00015267982070430028,4.5071703764370235e-05,3.0591270110453406e-05,3.56310681936793e-05,9.885775190570105e-05,5.369187263166437e-05,4.321619438526981e-05,4.8450856355634596e-05
0.000255354468577167,7.629665325932569e-05,3.04469779480382e-05,4.8106388060972906e-05,4.296251786479312e-05,1.3405560078301884e-05,4.901487568364447e-05,5.6692824234302974e-05,0.00010005131497092256,3.636462500407737e-05,8.589373122117293e-05,1.4515918442169347e-05,5.0355952693261663e-05,1.2618100982801316e-05,6.318246598885185e-05,2.3439067329917138e-05,2.3043813755757107e-05,3.425687006497261e-05,3.039135528825501e-05,1.4292146548385695e-05
0.0004347993015150617,6.59768939996137e-05,0.00011831438477299395,0.00013448777458715733,0.0003267188813963843,0.0001602749492908301,0.0001586388967718302,0.00011914609847046803,0.00028771520888698347,0.00012399708435763618,0.00021027052388832295,0.00010639147664773138,0.00015061514399804718,0.00010871768217275913,3.979320912218836e-05,5.005293353047375e-05,0.0001928866863271804,8.122855008669661e-05,7.163809035856274e-05,0.00012732862276700248
0.00012002411957382328,6.525539138279256e-05,4.3626991388722017e-05,2.14659602189101e-05,4.193528050141219e-06,7.86050434331212e-05,2.736474078247251e-05,2.6527152459085343e-05,3.371877337606719e-05,3.4849038005601214e-05,1.9757905312671892e-05,1.0705248779950896e-05,2.549595619233486e-05,3.39830057422489e-05,3.512873944839831e-05,0.00010813756044339686,0.00013472255473388913,6.875778264353286e-05,3.163514499746292e-05,8.871646012957834e-05
0.0001995749323892548,6.077416579919903e-05,0.0001569601316838246,0.00015560419984067883,0.00034752059160894806,0.00018952718805018243,0.00015553488527339713,4.232351864110995e-05,0.00011500619137976923,0.00012382700785086145,7.265040965296322e-05,0.00012569459813419835,0.00015267982070430028,4.5071703764370235e-05,3.0591270110453406e-05,3.56310681936793e-05,9.885775190570105e-05,5.369187263166437e-05,4.321619438526981e-05,4.8450856355634596e-05
0.00027229902796735786,0.00015027140047201888,4.23438468235953e-05,6.347209736625668e-05,4.184408420310392e-05,0.0001230290824955907,0.00013528639603080554,5.1504338852927014e-05,8.545563768419275e-05,1.534728254730322e-05,1.0034727034205133e-05,3.2437212682705955e-05,4.968661261766302e-05,4.252554295790082e-05,7.645519109191762e-05,9.754607678955233e-06,3.289495932287516e-05,4.335017012337493e-05,4.3478982106325165e-05,2.2823140730530668e-05
7.80329563119208e-05,4.37694375668354e-05,4.244169076939963e-05,3.538845555106503e-05,2.6818454033501723e-05,5.748607896919727e-05,3.044861748348254e-05,4.167194773476778e-05,3.578850174378668e-05,5.490539811586239e-05,5.374693408185304e-05,1.1878823698409063e-05,3.168652923308697e-05,3.800423524488662e-05,6.322242361307177e-05,6.79985560777711e-05,1.622760452887585e-05,1.1552367740441096e-05,3.291748559338328e-05,1.0786272499277373e-05
0.00024297161067132658,6.768582747493144e-05,7.20438464265866e-05,3.872756875943931e-05,6.252734488604143e-05,1.1515588173210195e-05,4.134564620183857e-05,1.240214812982731e-05,1.5714737422963027e-05,8.555478389142619e-05,5.241442654774794e-05,8.295486909408921e-05,0.00013042231519884702,0.00035614245063887376,0.0001619151450898053,0.00011998054035415485,0.00017812364387483854,0.00014674098047194907,5.824599398076562e-05,9.625961645361881e-05
9.5527770457769e-05,6.444663966900463e-05,3.7088525861287025e-05,3.078266635838831e-05,5.4216716799998125e-05,5.16214436029859e-05,7.289811405944878e-05,6.754730544349055e-05,3.323479885009709e-05,6.437353735329923e-05,2.814542372332862e-05,6.570879905952229e-05,4.8386273380086405e-05,2.4489598079733025e-05,1.1841537585687421e-05,9.382121667729443e-05,4.301214110231294e-05,2.8270147900223022e-05,7.761477274968928e-05,5.741878211023729e-05
0.0001439825291179031,6.814758624337143e-05,3.693670914029516e-05,7.215681306017961e-05,8.443275776449783e-05,3.272183898619572e-05,4.5647420975733065e-05,4.105561503781705e-05,4.641593223708536e-05,9.61759713632356e-06,0.00011382762759856895,6.378493233214891e-05,9.667910642688532e-05,8.20519778640341e-05,5.113713699490883e-05,6.078822246178222e-05,8.223384406559708e-05,5.087381842979907e-05,0.000169393544448084,5.084156753922512e-05
0.0003355756324358307,2.0430006572807856e-05,7.731901955813525e-05,5.2426309791162276e-05,5.102961358162791e-05,4.1183802919584344e-05,3.624906756646836e-05,3.394071148022761e-05,7.503192040064931e-05,3.1217306423026014e-05,7.999971718834709e-05,9.964895805487022e-05,1.5012414978558562e-05,0.0001086434858030563,5.620374311731749e-05,2.6756238583946757e-05,1.6079605968776584e-05,5.505110075846104e-05,4.227817059415911e-05,2.056180783637467e-05
0.00024297161067132658,6.768582747493144e-05,7.20438464265866e-05,3.872756875943931e-05,6.252734488604143e-05,1.1515588173210195e-05,4.134564620183857e-05,1.240214812982731e-05,1.5714737422963027e-05,8.555478389142619e-05,5.241442654774794e-05,8.295486909408921e-05,0.00013042231519884702,0.00035614245063887376,0.0001619151450898053,0.00011998054035415485,0.00017812364387483854,0.00014674098047194907,5.824599398076562e-05,9.625961645361881e-05
0.00014158735107063248,7.588841537755266e-05,3.61120287071982e-05,8.567729506357183e-05,1.3052579237076094e-05,8.148321103950051e-05,3.417799948729973e-05,4.590079415596552e-05,7.035985939183399e-05,2.3653118017151585e-05,5.516613125567408e-05,7.2849876264836655e-06,6.220724588820533e-06,5.890563045796103e-05,1.8522561853396948e-05,3.265462464814005e-05,1.8194680359169338e-05,5.6292871083220145e-05,5.464133690322429e-05,9.127539528155332e-05
0.0001439825291179031,6.814758624337143e-05,3.693670914029516e-05,7.215681306017961e-05,8.443275776449783e-05,3.272183898619572e-05,4.5647420975733065e-05,4.105561503781705e-05,4.641593223708536e-05,9.61759713632356e-06,0.00011382762759856895,6.378493233214891e-05,9.667910642688532e-05,8.20519778640341e-05,5.113713699490883e-05,6.078822246178222e-05,8.223384406559708e-05,5.087381842979907e-05,0.000169393544448084,5.084156753922512e-05
0.0007089735859996987,4.490199334116607e-05,3.0085720879984847e-05,0.00010711081740030376,3.790872781771493e-05,6.9951543676193e-05,5.239563187601163e-05,3.396180406234768e-05,6.746690040424038e-05,7.287703882466812e-05,1.3612793357588927e-05,5.327431058914859e-05,2.6362784808350363e-05,8.936748850415697e-05,1.8006077255899442e-05,5.586089425318364e-05,3.752190430477701e-05,4.796876206799782e-05,3.980535671825527e-05,5.964278185635537e-05
6.309678188053527e-05,3.857501851092485e-05,3.425707197656492e-05,3.879282640453632e-05,3.267476677253425e-05,9.487707966331847e-06,5.101972965031669e-05,6.584656792427998e-05,2.1754823526361947e-05,1.4228536629244469e-05,7.533309003550278e-05,6.182221514178315e-05,4.661025476849427e-05,2.916238367581924e-05,4.5777502964259385e-05,4.117810017362309e-05,3.917448482304426e-05,8.928308622146575e-05,7.055178407301468e-05,0.00012816255730370912
0.00012521169488316386,3.503130887816321e-05,3.4051524901065474e-05,2.7114002918091558e-05,4.652633191187704e-05,1.1754523861919862e-05,3.6914856624212834e-05,7.82139806735399e-05,7.379637518799045e-05,2.3364853052470075e-05,3.976739329347292e-05,6.030193715103599e-05,2.609332095704437e-05,2.5111498136342095e-05,8.439121442914976e-05,2.60780416432592e-05,2.0679533687796775e-05,7.197184558841361e-06,7.859443947140424e-05,3.751126448340892e-05
0.00010786559929005325,5.56061367795464e-05,2.6028768583478435e-05,1.8215040335918912e-05,1.2014417510721027e-05,2.9071261006081904e-05,4.305415494090701e-06,7.694820141566088e-05,3.486808039600998e-05,2.5470540560852433e-05,2.7624841107763894e-05,3.429308262673499e-05,4.026593745964146e-05,2.1133699630622258e-05,1.0285219598743953e-05,7.043989785070048e-05,1.6159327795380685e-05,3.328430520205571e-05,5.7774183625627724e-05,3.4402525209783034e-05
